customer_id,name,email,signup_date,city,country,age,gender,email_clean,marketing_segment
1,Allison Hill,donaldgarcia@example.net,2019-08-17,Sydney,Australia,63.0,M,donaldgarcia@example.net,Standard
2,Angie Henderson,davisjesse@example.net,2023-02-25,Sydney,Australia,21.0,F,davisjesse@example.net,Standard
3,Cristian Santos,lrobinson@example.com,2021-10-31,Toronto,Canada,17.0,M,lrobinson@example.com,Standard
4,Abigail Shaffer,jpeterson@example.org,2020-03-27,Manchester,UK,53.0,M,jpeterson@example.org,C
5,Gabrielle Davis,howardmaurice@example.com,2022-11-30,Chicago,USA,37.0,M,howardmaurice@example.com,Standard
6,Monica Herrera,smiller@example.net,2019-07-09,Los Angeles,USA,22.0,F,smiller@example.net,B
7,Shannon Ray,williamsjeremy@example.com,2023-02-03,New York,USA,50.0,F,williamsjeremy@example.com,Standard
8,Dr. Sharon James,xreid@example.org,2023-08-26,Vancouver,Canada,55.0,F,xreid@example.org,Standard
9,Daniel Adams,lynchgeorge@example.net,2019-04-04,Los Angeles,USA,65.0,F,lynchgeorge@example.net,C
10,Joel Nelson,gabriellecameron@example.org,2021-02-17,Los Angeles,USA,45.0,F,gabriellecameron@example.org,B
11,Andrew Stewart,carl95@example.org,2022-10-04,Toronto,Canada,60.0,M,carl95@example.org,Standard
12,Jennifer Rocha,ithomas@example.org,2021-12-29,Chicago,USA,26.0,Other,ithomas@example.org,C
13,Kimberly Burgess,zhurst@example.com,2022-02-14,Melbourne,Australia,59.0,F,zhurst@example.com,Standard
14,Zachary Hicks,camposmichelle@example.org,2019-03-07,Mumbai,India,41.0,Other,camposmichelle@example.org,Standard
15,Rebecca Henderson,cruzcaitlin@example.com,2023-01-10,Bangkok,Thailand,29.0,M,cruzcaitlin@example.com,Standard
16,Tricia Valencia,frazierdanny@example.net,2019-10-20,Berlin,Germany,24.0,F,frazierdanny@example.net,C
17,Patricia Peterson,ryan70@example.net,2021-05-27,Paris,France,41.0,F,ryan70@example.net,B
18,Deborah Mason,williamrodriguez@example.net,2019-07-06,Berlin,Germany,71.0,M,williamrodriguez@example.net,Standard
19,Mark Lynch,nathanielmartin@example.net,2022-05-06,Manchester,UK,40.0,M,nathanielmartin@example.net,C
20,Linda Burns,hickmannatasha@example.com,2023-10-29,Munich,Germany,59.0,M,hickmannatasha@example.com,A
21,David Bradley,millertodd@example.org,2023-04-24,Vancouver,Canada,37.0,F,millertodd@example.org,B
22,Kim Martinez,karroyo@example.com,2023-11-29,Melbourne,Australia,48.0,F,karroyo@example.com,Standard
23,Lisa Brandt,jenniferross@example.net,2020-09-03,Sydney,Australia,48.0,M,jenniferross@example.net,Standard
24,Jessica Holmes,wrightcaleb@example.org,2024-05-06,Munich,Germany,,F,wrightcaleb@example.org,VIP
24,Jessica Holmes,wrightcaleb@example.org,2024-05-06,Munich,Germany,,F,wrightcaleb@example.org,B
25,Crystal Robinson,zimmermanbrian@example.org,2021-01-13,Bangkok,Thailand,,Other,zimmermanbrian@example.org,Standard
26,Shannon Jones,joshuawashington@example.net,2023-02-07,Los Angeles,USA,68.0,M,joshuawashington@example.net,A
27,Timothy Duncan,esanchez@example.com,2022-09-13,Chicago,USA,51.0,M,esanchez@example.com,B
28,Brent Jordan,ujenkins@example.org,2024-03-17,Toronto,Canada,64.0,F,ujenkins@example.org,Standard
29,Victoria Garcia,zchandler@example.org,2022-08-23,Sydney,Australia,44.0,F,zchandler@example.org,A
30,Connor West,dwhite@example.org,2020-11-23,Los Angeles,USA,53.0,F,dwhite@example.org,C
31,Angela Morton,williamsyvette@example.org,2022-07-16,Melbourne,Australia,30.0,F,williamsyvette@example.org,Standard
32,Tammy Allison,richardolson@example.com,2020-05-02,Munich,Germany,58.0,M,richardolson@example.com,C
33,Carmen Smith,ybaker@example.com,2022-03-15,Bangkok,Thailand,46.0,F,ybaker@example.com,Standard
34,Michael Cross,smoore@example.org,2019-07-18,Los Angeles,USA,43.0,M,smoore@example.org,VIP
34,Michael Cross,smoore@example.org,2019-07-18,Los Angeles,USA,43.0,M,smoore@example.org,VIP
35,Lauren Daniels,brian97@example.net,2022-10-11,New York,USA,57.0,F,brian97@example.net,Standard
36,Kim Brown,yorkcasey@example.org,2019-08-12,Mumbai,India,28.0,F,yorkcasey@example.org,Standard
37,Cynthia Wilson,bethwilliams@example.org,2021-08-05,Vancouver,Canada,71.0,M,bethwilliams@example.org,VIP
38,Kevin Mills,james53@example.com,2019-07-20,Munich,Germany,57.0,,james53@example.com,Standard
39,Michael Evans,sarah10@example.com,2023-03-24,Bangkok,Thailand,26.0,M,sarah10@example.com,Standard
40,Kristine Garcia,williamanderson@example.com,2019-05-01,Bangkok,Thailand,,Other,williamanderson@example.com,Standard
41,Sherry Wood,samueldaniels@example.com,2021-07-20,Singapore,Singapore,43.0,M,samueldaniels@example.com,C
42,Victoria Valdez,contrerasangela@example.net,2023-01-11,Sydney,Australia,25.0,F,contrerasangela@example.net,VIP
43,Shawn Baker,newtoneric@example.com,2022-01-15,Melbourne,Australia,63.0,M,newtoneric@example.com,Standard
44,Michelle Harris,william40@example.org,2023-10-13,Bangkok,Thailand,,M,william40@example.org,Standard
45,Sandra Williams,kellie42@example.net,2022-05-03,Los Angeles,USA,59.0,Other,kellie42@example.net,Standard
46,Michael Hoffman,jonesnicole@example.org,2020-05-19,Paris,France,,M,jonesnicole@example.org,A
47,Sandra Aguilar,russellwilliams@example.com,2021-12-06,Paris,France,75.0,F,russellwilliams@example.com,Standard
48,Rebecca Valencia,jason31@example.com,2021-03-21,Vancouver,Canada,58.0,Other,jason31@example.com,Standard
49,Stacey Russell,sarayoung@example.org,2019-05-29,Bangkok,Thailand,45.0,F,sarayoung@example.org,VIP
50,Rita Keith,whitesandra@example.com,2020-03-12,Munich,Germany,32.0,F,whitesandra@example.com,Standard
51,Sharon Cochran,erik16@example.org,2021-01-26,Toronto,Canada,26.0,F,erik16@example.org,A
52,Courtney Velasquez,ybailey@example.org,2022-09-01,Singapore,Singapore,16.0,Other,ybailey@example.org,Standard
53,Matthew Ross,michelle45@example.net,2024-04-06,Los Angeles,USA,32.0,M,michelle45@example.net,Standard
54,Meghan Anthony,sheila14@example.org,2020-07-31,Vancouver,Canada,29.0,M,sheila14@example.org,A
55,Victoria Johnson,yreed@example.com,2021-11-01,Vancouver,Canada,32.0,F,yreed@example.com,Standard
56,William Wilson,jonathanfletcher@example.org,2023-08-26,Manchester,UK,,M,jonathanfletcher@example.org,Standard
57,Renee Mcdaniel,michaeljones@example.net,2019-11-27,Vancouver,Canada,51.0,F,michaeljones@example.net,C
58,Lisa Alvarado,cortezkevin@example.com,2022-11-16,Bangkok,Thailand,,M,cortezkevin@example.com,VIP
59,Erika Terry,jamesortega@example.com,2019-09-19,Manchester,UK,35.0,,jamesortega@example.com,Standard
60,Stephanie Gilbert,richard04@example.com,2024-01-15,New York,USA,29.0,F,richard04@example.com,Standard
61,Richard Lawson,steven73@example.net,2023-12-16,Munich,Germany,55.0,F,steven73@example.net,Standard
62,Steven Flynn,donnacampbell@example.net,2024-06-22,Chicago,USA,72.0,Other,donnacampbell@example.net,Standard
63,Frances Cardenas,emilywalker@example.org,2024-03-21,Singapore,Singapore,67.0,F,emilywalker@example.org,VIP
64,Angel Riggs,gibsonolivia@example.net,2023-06-01,Chicago,USA,40.0,F,gibsonolivia@example.net,Standard
65,Michael Snyder,dylanwatts@example.org,2024-02-24,Mumbai,India,38.0,F,dylanwatts@example.org,Standard
66,Colleen Brock,pwilliams@example.org,2022-09-13,New York,USA,41.0,,pwilliams@example.org,B
67,Robert Contreras,stephanie79@example.net,2020-12-20,Vancouver,Canada,48.0,M,stephanie79@example.net,Standard
68,Jessica Meadows,vmerritt@example.com,2019-08-25,New York,USA,27.0,F,vmerritt@example.com,A
69,Paul Larsen,katie87@example.net,2021-06-08,Paris,France,62.0,,katie87@example.net,Standard
70,Jeremiah Reeves,josephflores@example.net,2021-02-27,Los Angeles,USA,28.0,F,josephflores@example.net,Standard
71,Chris Reyes,jasminebrown@example.com,2023-07-10,Bangkok,Thailand,59.0,M,jasminebrown@example.com,Standard
72,John Brown,xprice@example.net,2021-06-02,London,UK,58.0,M,xprice@example.net,C
73,Alicia Gilmore,wwoods@example.com,2023-01-14,Los Angeles,USA,48.0,F,wwoods@example.com,C
74,Sarah Ashley,vmedina@example.net,2022-02-09,Vancouver,Canada,28.0,M,vmedina@example.net,Standard
75,Stephanie Freeman,ryan06@example.com,2019-12-23,Bangkok,Thailand,52.0,F,ryan06@example.com,Standard
76,Rebecca Ramsey,ncalhoun@example.net,2020-03-06,Vancouver,Canada,66.0,M,ncalhoun@example.net,Standard
77,James Elliott,millerroy@example.com,2022-10-15,Berlin,Germany,48.0,M,millerroy@example.com,Standard
78,David Murphy,wmurphy@example.com,2022-09-11,Chicago,USA,34.0,F,wmurphy@example.com,Standard
79,Trevor Fisher,ruizkaitlyn@example.org,2024-05-03,Mumbai,India,59.0,F,ruizkaitlyn@example.org,Standard
80,Mrs. Marie Harrington DDS,herringjames@example.org,2020-05-16,New York,USA,55.0,F,herringjames@example.org,VIP
81,Cynthia Wells,elliottjeffery@example.net,2022-03-24,Sydney,Australia,61.0,F,elliottjeffery@example.net,Standard
82,Jacob Obrien,stricklandfrank@example.com,2022-11-09,Sydney,Australia,73.0,F,stricklandfrank@example.com,Standard
83,Alexander Collins,tsanders@example.org,2020-03-24,Manchester,UK,67.0,F,tsanders@example.org,B
84,Michael Burton,terrykevin@example.net,2024-02-22,Toronto,Canada,45.0,M,terrykevin@example.net,B
85,Barbara Riggs,reedross@example.com,2022-05-04,Munich,Germany,64.0,M,reedross@example.com,Standard
86,Matthew Smith,gshort@example.com,2021-05-23,Munich,Germany,44.0,M,gshort@example.com,Standard
87,Madison Poole,ryangross@example.net,2023-03-20,Vancouver,Canada,69.0,M,ryangross@example.net,Standard
88,Robert Medina,umarshall@example.net,2020-05-04,Sydney,Australia,44.0,F,umarshall@example.net,Standard
89,Samuel Rivas,ramirezshannon@example.com,2024-01-03,London,UK,21.0,M,ramirezshannon@example.com,VIP
90,Mary Rogers,lrosales@example.com,2020-03-14,Melbourne,Australia,42.0,F,lrosales@example.com,B
91,Robert Peterson,angela83@example.org,2023-09-02,Toronto,Canada,40.0,M,angela83@example.org,Standard
92,Jason Peters,hannahbrewer@example.com,2023-12-09,Mumbai,India,40.0,F,hannahbrewer@example.com,Standard
93,Alan Phillips,tholt@example.net,2023-10-14,Manchester,UK,50.0,M,tholt@example.net,Standard
94,Kara Schmidt,jbarajas@example.com,2021-09-26,,Canada,33.0,F,jbarajas@example.com,VIP
95,Jesse Parker,davidlee@example.org,2023-06-23,Sydney,Australia,62.0,F,davidlee@example.org,Standard
96,Tiffany Vaughn,javierwashington@example.net,2021-12-29,Paris,France,74.0,F,javierwashington@example.net,Standard
97,Paige Carlson,wallkenneth@example.com,2021-05-27,Sydney,Australia,71.0,F,wallkenneth@example.com,A
98,Adrian Ferguson,brandon08@example.com,2021-07-20,Toronto,Canada,37.0,M,brandon08@example.com,C
99,Beth Oneill,agarcia@example.net,2021-05-13,,India,69.0,M,agarcia@example.net,Standard
100,John Peterson,kingmichelle@example.org,2020-04-04,London,UK,20.0,M,kingmichelle@example.org,VIP
101,Jennifer Jones,hernandezlisa@example.com,2020-02-13,Toronto,Canada,55.0,M,hernandezlisa@example.com,Standard
102,David Grant,yobrien@example.net,2024-04-25,Paris,France,45.0,F,yobrien@example.net,A
103,Joseph Hayes,levans@example.com,2024-05-27,Paris,France,65.0,F,levans@example.com,Standard
104,Marc Lynch,mezajared@example.org,2024-03-17,New York,USA,52.0,F,mezajared@example.org,Standard
105,Brad Allen,moorericky@example.net,2020-02-11,Melbourne,Australia,53.0,F,moorericky@example.net,C
106,Doris Hall,jacqueline71@example.net,2020-09-09,Singapore,Singapore,67.0,M,jacqueline71@example.net,A
107,Dennis Moody,ronaldstephens@example.net,2021-12-27,London,UK,58.0,F,ronaldstephens@example.net,Standard
108,Derek Thomas,martinkyle@example.net,2021-05-10,Mumbai,India,22.0,M,martinkyle@example.net,Standard
109,Tammy Gonzales,sbarker@example.com,2022-12-19,Berlin,Germany,43.0,M,sbarker@example.com,Standard
110,Kathryn Snyder,georgepamela@example.net,2023-07-14,Paris,France,65.0,M,georgepamela@example.net,Standard
111,David Davis,keyemily@example.com,2020-10-22,Vancouver,Canada,69.0,F,keyemily@example.com,Standard
112,Pamela Thompson,lmoon@example.net,2021-08-09,Singapore,Singapore,55.0,M,lmoon@example.net,C
113,Robert Costa,vbailey@example.com,2020-01-08,London,UK,29.0,F,vbailey@example.com,Standard
114,Shannon Rivera,zroberts@example.net,2022-12-07,Paris,France,,F,zroberts@example.net,B
115,Brandon King,cordovarichard@example.net,2021-04-12,Melbourne,Australia,51.0,M,cordovarichard@example.net,Standard
116,April Booth,mgutierrez@example.net,2021-07-06,Berlin,Germany,21.0,F,mgutierrez@example.net,Standard
117,Peter Garrett,harrisandrea@example.com,2022-04-06,Sydney,Australia,46.0,,harrisandrea@example.com,Standard
118,Michael Martinez,jennifercollins@example.org,2020-11-08,Munich,Germany,60.0,F,jennifercollins@example.org,A
119,Anna Gay,murraydavid@example.org,2020-01-30,Melbourne,Australia,23.0,M,murraydavid@example.org,A
120,Dr. Jordan Hill PhD,jsanchez@example.org,2020-03-19,Toronto,Canada,33.0,M,jsanchez@example.org,Standard
121,Thomas Romero,michellehill@example.com,2019-07-25,Vancouver,Canada,34.0,F,michellehill@example.com,Standard
122,Richard Adams,campbellkenneth@example.net,2019-09-17,Munich,Germany,18.0,M,campbellkenneth@example.net,B
123,Mary Grimes,wryan@example.com,2022-07-30,Chicago,USA,22.0,M,wryan@example.com,B
124,Kimberly Gibson,molly39@example.com,2020-11-28,Berlin,Germany,19.0,F,molly39@example.com,C
125,Reginald Williams,zthornton@example.com,2021-03-31,Los Angeles,USA,20.0,F,zthornton@example.com,VIP
126,Matthew Hoover,tylerjohnson@example.net,2022-02-26,Singapore,Singapore,21.0,M,tylerjohnson@example.net,Standard
127,Evelyn Garcia,dgarcia@example.org,2022-05-05,Paris,France,30.0,M,dgarcia@example.org,A
128,Jennifer Pena,charlesharrington@example.com,2023-10-28,Vancouver,Canada,43.0,M,charlesharrington@example.com,A
129,Michael Santos,melissa86@example.com,2019-07-23,Melbourne,Australia,56.0,F,melissa86@example.com,Standard
130,Stacy Freeman,williamsonjimmy@example.net,2022-02-04,Chicago,USA,,M,williamsonjimmy@example.net,Standard
131,Yolanda Francis,wgood@example.net,2019-03-08,Vancouver,Canada,34.0,F,wgood@example.net,Standard
132,Ashlee Jackson,rebecca05@example.org,2020-04-23,Sydney,Australia,66.0,M,rebecca05@example.org,A
133,James Thomas,yknight@example.org,2021-05-20,Toronto,Canada,50.0,F,yknight@example.org,Standard
134,Bob Pitts,tyleraguilar@example.org,2019-05-27,Chicago,USA,26.0,M,tyleraguilar@example.org,VIP
135,David Scott,nolansteven@example.com,2020-08-14,Bangkok,Thailand,23.0,F,nolansteven@example.com,Standard
136,Brooke Alexander,vanessa46@example.net,2021-10-21,Vancouver,Canada,47.0,M,vanessa46@example.net,Standard
137,Ryan Gonzalez,gcastaneda@example.org,2020-10-22,Melbourne,Australia,,M,gcastaneda@example.org,Standard
138,Ian Phillips,andrew64@example.org,2022-03-24,Mumbai,India,17.0,F,andrew64@example.org,Standard
139,Melissa Garner,lozanojulie@example.com,2023-04-12,New York,USA,46.0,F,lozanojulie@example.com,VIP
140,Crystal Pham,danaoliver@example.net,2021-06-11,Paris,France,68.0,F,danaoliver@example.net,B
141,Patricia Becker,courtneyberger@example.net,2020-10-19,London,UK,70.0,M,courtneyberger@example.net,C
142,Richard Johnson,jessica14@example.com,2024-04-19,Sydney,Australia,68.0,F,jessica14@example.com,A
143,Casey Anderson,alyssa42@example.com,2020-10-24,Vancouver,Canada,65.0,,alyssa42@example.com,A
144,Terry Coffey,julie51@example.com,2023-11-16,Sydney,Australia,45.0,F,julie51@example.com,Standard
145,Brenda Levy,zcoffey@example.net,2021-10-17,Singapore,Singapore,44.0,M,zcoffey@example.net,Standard
146,Richard Smith,gibsonemily@example.net,2020-08-12,Bangkok,Thailand,72.0,,gibsonemily@example.net,A
147,James Little,daniel37@example.org,2023-06-25,Paris,France,61.0,M,daniel37@example.org,Standard
148,Terri Murphy,deborahreid@example.com,2020-04-05,Los Angeles,USA,45.0,F,deborahreid@example.com,Standard
149,Elizabeth Ortiz,brandonjohnson@example.com,2023-01-07,Bangkok,Thailand,48.0,M,brandonjohnson@example.com,Standard
150,David Medina,qchavez@example.net,2020-05-14,Berlin,Germany,51.0,M,qchavez@example.net,VIP
151,Kimberly Matthews,nicolepena@example.com,2023-12-06,Melbourne,Australia,71.0,M,nicolepena@example.com,VIP
152,Teresa Ramirez,jeff73@example.com,2024-03-28,London,UK,33.0,F,jeff73@example.com,Standard
153,Michael Stephens,bruce43@example.org,2022-04-02,Paris,France,71.0,F,bruce43@example.org,Standard
154,Samantha Davis,darleneharper@example.org,2023-04-12,Munich,Germany,40.0,F,darleneharper@example.org,C
155,Gavin Zhang,caseyhubbard@example.org,2020-05-04,Melbourne,Australia,40.0,F,caseyhubbard@example.org,Standard
156,Robin Hall,kristinacarlson@example.com,2021-08-26,Melbourne,Australia,40.0,M,kristinacarlson@example.com,Standard
157,Brianna Anderson,lauren10@example.org,2021-10-11,Chicago,USA,24.0,M,lauren10@example.org,Standard
158,Richard Young,alfred40@example.org,2023-09-27,Mumbai,India,22.0,M,alfred40@example.org,Standard
159,Kelly Reese,xwest@example.net,2023-11-19,Manchester,UK,25.0,F,xwest@example.net,Standard
160,Jodi Walker,acostaregina@example.net,2022-11-19,Paris,France,57.0,M,acostaregina@example.net,Standard
161,Judith Maynard,lutzmelanie@example.com,2021-02-17,Munich,Germany,56.0,M,lutzmelanie@example.com,VIP
162,Katherine Browning,lammarc@example.org,2022-06-18,New York,USA,31.0,,lammarc@example.org,VIP
163,Donald Schultz,oscar98@example.com,2019-07-05,Melbourne,Australia,22.0,F,oscar98@example.com,C
164,Larry Garcia,farrelldebra@example.net,2022-11-22,Chicago,USA,,F,farrelldebra@example.net,Standard
165,Cindy Hayes,robertwilcox@example.com,2021-02-06,London,UK,25.0,M,robertwilcox@example.com,C
166,Brandon Simmons,nicholas27@example.org,2019-12-15,Chicago,USA,21.0,M,nicholas27@example.org,A
167,Bradley Reynolds,lisa80@example.net,2024-02-13,Berlin,Germany,25.0,F,lisa80@example.net,B
168,Kristina Santiago,qgomez@example.com,2019-01-20,Sydney,Australia,73.0,F,qgomez@example.com,Standard
169,Michelle Schmitt,michael98@example.org,2022-04-18,London,UK,56.0,F,michael98@example.org,Standard
170,John Boone,megan51@example.com,2020-02-12,Vancouver,Canada,70.0,M,megan51@example.com,VIP
171,Renee Bruce,lynchdiane@example.net,2020-08-28,Paris,France,17.0,F,lynchdiane@example.net,C
172,Christopher Park,sandra50@example.org,2023-11-07,Paris,France,74.0,M,sandra50@example.org,B
173,Kylie Morales,joycebonilla@example.org,2023-05-08,Vancouver,Canada,54.0,F,joycebonilla@example.org,Standard
174,Cindy Barnes,eric45@example.net,2022-10-20,Vancouver,Canada,56.0,F,eric45@example.net,C
175,Sophia Moore,craigjoseph@example.net,2021-06-21,Singapore,Singapore,53.0,M,craigjoseph@example.net,Standard
176,Lawrence Perry,kariwilson@example.com,2023-03-11,London,UK,27.0,M,kariwilson@example.com,Standard
177,Michael Watkins,brandon69@example.org,2021-12-23,London,UK,74.0,M,brandon69@example.org,C
178,Eric Clark,kathrynroberts@example.org,2024-06-04,Berlin,Germany,63.0,M,kathrynroberts@example.org,B
179,Paul Thompson,opatel@example.net,2019-10-16,Los Angeles,USA,71.0,F,opatel@example.net,B
180,Mary Gomez,chensley@example.com,2023-07-06,Mumbai,India,39.0,F,chensley@example.com,C
181,Thomas Atkins,tberry@example.net,2021-07-20,Los Angeles,USA,59.0,F,tberry@example.net,Standard
182,Brian Smith,george97@example.net,2024-04-09,Sydney,Australia,22.0,M,george97@example.net,Standard
183,Anita Richard,ryanmorales@example.org,2020-11-02,Munich,Germany,30.0,M,ryanmorales@example.org,Standard
184,Eric Morgan,kimberly18@example.net,2020-09-10,Melbourne,Australia,42.0,F,kimberly18@example.net,C
185,Jordan Bullock,michael23@example.org,2019-08-26,Berlin,Germany,31.0,F,michael23@example.org,B
186,Craig Morrison,thompsonkendra@example.com,2024-04-28,Sydney,Australia,42.0,M,thompsonkendra@example.com,B
187,Justin Riley,michelle52@example.com,2019-07-22,Sydney,Australia,55.0,F,michelle52@example.com,Standard
188,Jeremy Turner,brittany58@example.org,2020-03-20,London,UK,44.0,F,brittany58@example.org,A
189,Jesse Brown,chase19@example.net,2021-01-22,Sydney,Australia,73.0,F,chase19@example.net,Standard
190,Julie Spencer,colelisa@example.net,2024-06-05,Toronto,Canada,70.0,F,colelisa@example.net,B
191,Larry Mason,hayeslisa@example.com,2022-05-07,Sydney,Australia,19.0,F,hayeslisa@example.com,Standard
192,Mrs. Maria Williams,hritter@example.net,2020-02-25,Paris,France,69.0,F,hritter@example.net,B
193,Helen Hardin,vortiz@example.net,2020-04-22,Mumbai,India,65.0,F,vortiz@example.net,Standard
194,Rachel Holland,riveraangela@example.com,2019-10-24,Mumbai,India,50.0,M,riveraangela@example.com,Standard
195,Nathaniel Douglas,mathewaguilar@example.org,2019-09-27,New York,USA,38.0,F,mathewaguilar@example.org,Standard
196,Emily Douglas,tanderson@example.org,2020-06-27,Chicago,USA,24.0,M,tanderson@example.org,C
197,James Conner,elizabethcalderon@example.net,2021-07-07,Berlin,Germany,48.0,F,elizabethcalderon@example.net,Standard
198,Susan Davis DDS,andrew42@example.org,2019-03-30,Paris,France,49.0,F,andrew42@example.org,Standard
199,Ralph Lee,ericphillips@example.org,2023-10-02,Berlin,Germany,43.0,M,ericphillips@example.org,A
200,Kimberly Rodgers,stanleynancy@example.net,2024-01-16,Los Angeles,USA,36.0,F,stanleynancy@example.net,B
201,James Martin,jenniferwilliams@example.com,2022-04-13,Sydney,Australia,61.0,M,jenniferwilliams@example.com,A
202,Cynthia Wallace,karen73@example.net,2021-11-01,Berlin,Germany,43.0,M,karen73@example.net,Standard
203,Vincent Mueller,michealvalentine@example.com,2023-12-03,Sydney,Australia,62.0,M,michealvalentine@example.com,Standard
204,Douglas Reyes,mburch@example.net,2020-11-25,Manchester,UK,41.0,F,mburch@example.net,Standard
205,David Davidson,angela18@example.org,2020-06-06,Sydney,Australia,25.0,F,angela18@example.org,B
206,Phillip Nelson,mariahdavis@example.org,2019-07-10,Los Angeles,USA,22.0,F,mariahdavis@example.org,C
207,Stacey Arias,gbrown@example.com,2022-04-16,New York,USA,51.0,F,gbrown@example.com,Standard
208,Zachary Brooks,florescory@example.net,2024-04-11,Sydney,Australia,71.0,F,florescory@example.net,Standard
209,Raven Taylor,samantha72@example.net,2020-12-21,Vancouver,Canada,52.0,M,samantha72@example.net,Standard
210,Luis Bullock,scottmary@example.net,2019-08-10,Mumbai,India,70.0,F,scottmary@example.net,Standard
211,Lisa Henderson,john10@example.org,2023-07-12,Toronto,Canada,70.0,M,john10@example.org,Standard
212,Riley Bryant,copelandvincent@example.net,2022-08-09,Sydney,Australia,17.0,M,copelandvincent@example.net,Standard
213,Jose Allen,kellysmith@example.com,2020-01-05,New York,USA,60.0,F,kellysmith@example.com,Standard
214,Jason Beck,millsmichael@example.net,2023-11-17,Chicago,USA,52.0,M,millsmichael@example.net,VIP
215,Rachel Romero,myerstheodore@example.net,2019-07-07,New York,USA,29.0,F,myerstheodore@example.net,VIP
216,James Burgess,kristina53@example.net,2023-01-17,Vancouver,Canada,65.0,M,kristina53@example.net,A
217,Ashley Perkins,dennis58@example.com,2019-11-19,Chicago,USA,19.0,M,dennis58@example.com,Standard
218,Carrie Maxwell,epollard@example.net,2022-05-28,Berlin,Germany,42.0,F,epollard@example.net,Standard
219,Chad Baldwin,mjohnson@example.org,2019-08-16,Manchester,UK,59.0,M,mjohnson@example.org,Standard
220,Stacey Stewart,zachary87@example.com,2020-03-27,New York,USA,,Other,zachary87@example.com,A
221,Matthew Mitchell,glennmartin@example.org,2019-10-09,,Singapore,34.0,M,glennmartin@example.org,B
222,Jessica Ross,ykline@example.com,2019-09-22,Chicago,USA,50.0,M,ykline@example.com,B
223,Kathleen Jimenez,laurie61@example.com,2020-12-26,Singapore,Singapore,41.0,F,laurie61@example.com,B
224,Samantha Gardner,curtis54@example.com,2019-06-09,Bangkok,Thailand,52.0,M,curtis54@example.com,C
225,Mitchell Jackson,cbell@example.net,2019-08-24,Vancouver,Canada,17.0,Other,cbell@example.net,Standard
226,Heather Bolton,danielle01@example.net,2023-08-31,Berlin,Germany,21.0,F,danielle01@example.net,VIP
227,Heidi Owen,stephaniethomas@example.net,2021-12-09,Manchester,UK,41.0,F,stephaniethomas@example.net,VIP
228,Jessica Martinez,kimberlydiaz@example.com,2019-12-11,Singapore,Singapore,48.0,F,kimberlydiaz@example.com,C
229,Amanda Hernandez,xrush@example.com,2020-12-16,Singapore,Singapore,62.0,F,xrush@example.com,Standard
230,Laura Moreno,redwards@example.org,2019-10-27,Los Angeles,USA,28.0,M,redwards@example.org,Standard
231,Allison Lopez,hmcintyre@example.com,2019-12-29,Los Angeles,USA,47.0,M,hmcintyre@example.com,A
232,Michele Lewis,heather73@example.org,2024-03-07,Sydney,Australia,57.0,M,heather73@example.org,VIP
233,Benjamin Thompson,zosborn@example.net,2020-10-09,Sydney,Australia,44.0,F,zosborn@example.net,B
234,Victoria Contreras,piercekelly@example.com,2022-04-26,Vancouver,Canada,38.0,F,piercekelly@example.com,A
235,Michelle Ho,laurahicks@example.org,2021-01-25,New York,USA,20.0,F,laurahicks@example.org,Standard
235,Michelle Ho,laurahicks@example.org,2021-01-25,New York,USA,20.0,F,laurahicks@example.org,C
236,Dr. Cynthia Snyder,angela57@example.net,2021-11-04,Paris,France,45.0,M,angela57@example.net,Standard
237,Stephen Jones,ukey@example.com,2021-07-10,New York,USA,57.0,M,ukey@example.com,Standard
238,Patricia Morrow,martinezlogan@example.org,2021-07-11,New York,USA,67.0,M,martinezlogan@example.org,Standard
239,Michael Cooper,katrinaanderson@example.net,2022-08-16,Munich,Germany,18.0,F,katrinaanderson@example.net,C
240,Amy Martinez,kevinmartin@example.net,2022-06-02,Munich,Germany,39.0,F,kevinmartin@example.net,Standard
241,Travis Stone,meghan43@example.net,2022-10-22,London,UK,19.0,F,meghan43@example.net,Standard
242,Denise Weber,shawgary@example.net,2022-02-16,Los Angeles,USA,34.0,,shawgary@example.net,Standard
243,Matthew Le,megan90@example.org,2023-11-24,Paris,France,37.0,M,megan90@example.org,Standard
244,Travis Wise,debra96@example.net,2024-06-04,Vancouver,Canada,60.0,M,debra96@example.net,Standard
244,Travis Wise,debra96@example.net,2024-06-04,Vancouver,Canada,60.0,M,debra96@example.net,Standard
245,Kathleen Burton,dawn47@example.org,2020-09-26,Los Angeles,USA,40.0,F,dawn47@example.org,Standard
246,Melinda Evans,barkereric@example.com,2023-08-25,Melbourne,Australia,21.0,F,barkereric@example.com,C
247,Mr. Lawrence Edwards,jessica56@example.org,2020-09-24,London,UK,29.0,F,jessica56@example.org,Standard
248,Kayla Rodriguez,stevenadams@example.org,2019-11-14,Chicago,USA,34.0,M,stevenadams@example.org,A
249,Anthony Dougherty,kwright@example.com,2023-02-21,Mumbai,India,18.0,M,kwright@example.com,A
250,Michelle Lee,tyronerobertson@example.com,2021-02-10,Paris,France,26.0,M,tyronerobertson@example.com,A
251,Kathleen Davis,pwagner@example.org,2019-12-06,Bangkok,Thailand,18.0,F,pwagner@example.org,A
252,Amber Campbell,amitchell@example.org,2022-06-04,Berlin,Germany,64.0,M,amitchell@example.org,A
253,Stephen Luna,zdiaz@example.org,2024-05-31,Vancouver,Canada,73.0,Other,zdiaz@example.org,Standard
254,Chloe Tran,hughesshannon@example.net,2021-08-03,Berlin,Germany,65.0,,hughesshannon@example.net,VIP
255,William Becker,andersoncolin@example.com,2020-02-13,Mumbai,India,24.0,M,andersoncolin@example.com,Standard
256,Gina Mcmillan,jameshicks@example.net,2022-02-09,London,UK,61.0,F,jameshicks@example.net,B
257,Andrew Reeves,jstone@example.net,2019-11-25,Singapore,Singapore,44.0,F,jstone@example.net,Standard
258,Brenda Velazquez,francisco94@example.net,2020-03-30,,Thailand,72.0,F,francisco94@example.net,Standard
259,Ronald Patel,thomas05@example.com,2021-02-04,Munich,Germany,40.0,F,thomas05@example.com,VIP
260,Veronica Silva,carlsonjoseph@example.net,2019-07-22,Bangkok,Thailand,37.0,F,carlsonjoseph@example.net,VIP
261,Paula Lane,silvageorge@example.net,2021-08-25,Mumbai,India,64.0,F,silvageorge@example.net,A
262,Patricia James,anthonyvaughan@example.org,2019-02-08,Los Angeles,USA,29.0,M,anthonyvaughan@example.org,Standard
263,Jeremy Barnes,avaughn@example.net,2021-05-16,Munich,Germany,65.0,F,avaughn@example.net,VIP
264,Tami Salas,thorntonapril@example.net,2022-08-01,Manchester,UK,45.0,M,thorntonapril@example.net,Standard
265,Matthew Fox,sue78@example.com,2019-02-03,Munich,Germany,48.0,F,sue78@example.com,VIP
266,Megan Dillon,chelsea33@example.com,2022-06-13,New York,USA,31.0,M,chelsea33@example.com,C
267,Courtney Dudley,kellie37@example.com,2024-06-19,Munich,Germany,20.0,M,kellie37@example.com,Standard
268,Justin Michael,keith98@example.com,2022-02-08,Munich,Germany,40.0,F,keith98@example.com,A
269,Jennifer Reed,kellyroberts@example.net,2020-06-03,London,UK,38.0,M,kellyroberts@example.net,VIP
270,Thomas Douglas,ilewis@example.com,2019-08-01,Sydney,Australia,63.0,F,ilewis@example.com,Standard
271,Melissa Taylor,johnsantiago@example.net,2023-07-25,London,UK,27.0,,johnsantiago@example.net,Standard
272,David Garcia,jennifer12@example.org,2022-07-17,Berlin,Germany,67.0,Other,jennifer12@example.org,Standard
273,Vanessa Moore,mwoods@example.com,2020-08-23,New York,USA,18.0,F,mwoods@example.com,B
274,Matthew Velez,pearsonjesse@example.net,2021-11-21,Vancouver,Canada,68.0,M,pearsonjesse@example.net,C
275,Taylor Gentry,robertmonroe@example.org,2020-08-08,Toronto,Canada,71.0,F,robertmonroe@example.org,Standard
276,Jennifer Simpson DVM,nancy04@example.net,2023-06-26,Los Angeles,USA,43.0,M,nancy04@example.net,B
277,Tanya Rogers,ihays@example.net,2020-11-25,Manchester,UK,47.0,M,ihays@example.net,Standard
278,Todd Rosales MD,lisarivera@example.net,2023-06-29,Vancouver,Canada,62.0,,lisarivera@example.net,A
279,David Lopez,krystal93@example.org,2022-01-22,Chicago,USA,36.0,F,krystal93@example.org,Standard
280,Margaret Sullivan,frobertson@example.com,2022-05-19,Berlin,Germany,26.0,F,frobertson@example.com,VIP
281,Cathy Taylor,shari04@example.com,2024-02-10,Mumbai,India,55.0,,shari04@example.com,Standard
282,Paul Finley,brandi90@example.com,2019-06-03,New York,USA,41.0,M,brandi90@example.com,B
283,Melissa Brown,marshallerik@example.net,2019-10-20,New York,USA,59.0,F,marshallerik@example.net,C
284,Stephanie Padilla,hannah45@example.net,2022-08-14,Singapore,Singapore,39.0,M,hannah45@example.net,Standard
285,Tyler Mendoza,madkins@example.com,2021-07-10,Sydney,Australia,39.0,F,madkins@example.com,Standard
286,Joshua Ruiz,kathleenbecker@example.net,2021-03-26,London,UK,57.0,F,kathleenbecker@example.net,Standard
287,Angela Griffin,christian91@example.org,2021-10-19,Chicago,USA,40.0,M,christian91@example.org,B
288,Stephanie Harris,franklinbond@example.com,2021-07-02,Melbourne,Australia,55.0,M,franklinbond@example.com,Standard
289,Daniel Aguilar,nolansean@example.org,2019-10-05,Los Angeles,USA,44.0,,nolansean@example.org,Standard
290,Jose Bryant,hansenemily@example.com,2022-10-28,Singapore,Singapore,58.0,M,hansenemily@example.com,Standard
291,Jennifer Velasquez,bethwilliams@example.com,2020-09-06,Bangkok,Thailand,61.0,F,bethwilliams@example.com,Standard
292,Kimberly Brown,andersenthomas@example.com,2021-11-07,London,UK,23.0,F,andersenthomas@example.com,B
293,Randy Cannon,ybrooks@example.com,2019-02-23,Berlin,Germany,51.0,,ybrooks@example.com,B
294,Susan Bennett,desireebailey@example.org,2022-06-07,Chicago,USA,20.0,M,desireebailey@example.org,B
295,Jenna Anderson DVM,avilatiffany@example.com,2021-04-21,Munich,Germany,68.0,F,avilatiffany@example.com,Standard
296,Kimberly Patel,johnreed@example.com,2021-07-10,Los Angeles,USA,59.0,M,johnreed@example.com,VIP
297,Shaun Cannon,pachecorobert@example.org,2022-08-03,Munich,Germany,27.0,M,pachecorobert@example.org,Standard
298,Austin Wheeler,tharper@example.org,2019-04-24,Mumbai,India,49.0,F,tharper@example.org,B
299,Andrew Gonzales,karenparsons@example.org,2020-04-06,Melbourne,Australia,49.0,F,karenparsons@example.org,Standard
300,Donna Cabrera,barbara53@example.com,2024-05-12,Sydney,Australia,33.0,M,barbara53@example.com,A
301,Victoria Boyd,dturner@example.net,2022-08-05,Munich,Germany,53.0,M,dturner@example.net,Standard
302,Sheryl Buck,dpeters@example.com,2024-01-22,Melbourne,Australia,37.0,M,dpeters@example.com,VIP
303,Megan Floyd,heather62@example.com,2019-06-16,New York,USA,57.0,F,heather62@example.com,C
304,Paul Wells,kevinzimmerman@example.com,2021-05-03,Paris,France,,M,kevinzimmerman@example.com,Standard
305,Kristina Faulkner,paulscott@example.com,2024-05-13,Sydney,Australia,46.0,F,paulscott@example.com,Standard
306,Tammy Boone,nicholsmaria@example.org,2019-05-30,Berlin,Germany,26.0,F,nicholsmaria@example.org,B
307,Michael Morrison,lopezkathleen@example.net,2019-10-22,Paris,France,71.0,M,lopezkathleen@example.net,VIP
308,Claire Clark,kevin03@example.org,2019-09-25,Manchester,UK,48.0,M,kevin03@example.org,VIP
309,Autumn Key,srocha@example.net,2021-07-09,Vancouver,Canada,25.0,F,srocha@example.net,VIP
310,Jennifer Allen,kimberly67@example.net,2021-05-06,Paris,France,71.0,Other,kimberly67@example.net,Standard
311,Elizabeth Ward,zowens@example.net,2020-10-02,Melbourne,Australia,64.0,M,zowens@example.net,Standard
312,Ryan Rocha,lawrence09@example.org,2020-09-23,Bangkok,Thailand,17.0,F,lawrence09@example.org,Standard
313,Alexis Tran,mphillips@example.com,2020-03-16,Toronto,Canada,,M,mphillips@example.com,Standard
314,Kelly Sanchez,jonathan77@example.com,2022-09-01,Mumbai,India,34.0,F,jonathan77@example.com,Standard
315,Robert Jackson,iwhite@example.net,2020-06-25,Bangkok,Thailand,64.0,F,iwhite@example.net,Standard
316,Kelly Combs,landryelizabeth@example.org,2020-02-03,Munich,Germany,51.0,F,landryelizabeth@example.org,C
317,Ryan Hall,albertwagner@example.com,2020-07-26,Munich,Germany,59.0,F,albertwagner@example.com,Standard
318,Mark Peck,bhopkins@example.org,2023-06-16,London,UK,51.0,F,bhopkins@example.org,Standard
319,Jennifer Smith,amanda40@example.net,2021-04-02,Munich,Germany,,F,amanda40@example.net,Standard
320,Megan Drake,danieldavis@example.org,2021-11-29,Berlin,Germany,25.0,F,danieldavis@example.org,VIP
321,Manuel King,joseph61@example.com,2020-10-14,Paris,France,41.0,F,joseph61@example.com,Standard
322,Judy Sanchez,kevinclayton@example.org,2021-11-04,London,UK,50.0,M,kevinclayton@example.org,Standard
323,Shannon Malone,sullivannicholas@example.com,2021-01-24,New York,USA,59.0,F,sullivannicholas@example.com,C
324,Adam Jackson,pbruce@example.com,2023-01-25,Bangkok,Thailand,17.0,M,pbruce@example.com,Standard
325,Shannon Davis,hallrachel@example.net,2022-03-30,Singapore,Singapore,30.0,F,hallrachel@example.net,Standard
326,Karen Williams,cohenjuan@example.net,2023-01-16,Sydney,Australia,65.0,M,cohenjuan@example.net,Standard
327,Amanda Mcfarland,alexis39@example.org,2022-03-18,New York,USA,,F,alexis39@example.org,A
328,Michelle Sanders,evansanne@example.net,2020-02-22,Melbourne,Australia,48.0,M,evansanne@example.net,VIP
329,Jasmine Mosley,patrick21@example.net,2023-01-29,Melbourne,Australia,61.0,F,patrick21@example.net,C
330,Haley Davis,marypeterson@example.net,2021-09-06,Sydney,Australia,40.0,M,marypeterson@example.net,Standard
331,Jennifer Ayala,walterskristen@example.com,2022-01-23,London,UK,59.0,M,walterskristen@example.com,Standard
332,Henry Pugh MD,nmiller@example.com,2020-06-25,Melbourne,Australia,46.0,M,nmiller@example.com,Standard
333,Michelle Miller,normanbowers@example.org,2024-04-12,Toronto,Canada,65.0,M,normanbowers@example.org,Standard
334,Emily Rodriguez,hahnsean@example.com,2021-09-09,London,UK,51.0,F,hahnsean@example.com,Standard
335,Brandon Jordan,fgarcia@example.com,2022-03-20,Los Angeles,USA,40.0,F,fgarcia@example.com,A
336,Linda Mueller,asmith@example.com,2023-07-06,Singapore,Singapore,,F,asmith@example.com,Standard
337,Misty Hansen,ashleyjackson@example.com,2021-06-24,Bangkok,Thailand,32.0,M,ashleyjackson@example.com,Standard
338,Derrick Adams,bryanhamilton@example.com,2024-03-25,Vancouver,Canada,60.0,M,bryanhamilton@example.com,Standard
339,Richard Ward,jennifersimpson@example.net,2020-05-11,Toronto,Canada,58.0,F,jennifersimpson@example.net,Standard
340,Brian Torres,ncook@example.com,2021-04-26,Los Angeles,USA,61.0,F,ncook@example.com,C
341,Erin Cook,kevinmorrison@example.net,2024-06-25,Munich,Germany,42.0,M,kevinmorrison@example.net,A
342,Ernest Oconnell,kelly79@example.org,2020-02-13,Sydney,Australia,36.0,M,kelly79@example.org,VIP
343,Douglas Hartman,daniel93@example.net,2022-03-21,Sydney,Australia,50.0,F,daniel93@example.net,VIP
344,Catherine Saunders MD,nhahn@example.com,2019-12-25,Bangkok,Thailand,72.0,F,nhahn@example.com,C
345,Sandra Jones,ichambers@example.net,2021-03-24,Mumbai,India,27.0,Other,ichambers@example.net,B
346,David Moore,emccormick@example.com,2019-03-18,Bangkok,Thailand,35.0,,emccormick@example.com,Standard
347,Karen Morales DDS,ystephens@example.com,2021-07-19,Vancouver,Canada,50.0,F,ystephens@example.com,Standard
348,Robin Wheeler,rodriguezjohn@example.net,2021-08-16,Munich,Germany,28.0,M,rodriguezjohn@example.net,Standard
349,Matthew Williams,vrasmussen@example.com,2020-06-10,Sydney,Australia,16.0,M,vrasmussen@example.com,Standard
350,Brett Walker,seanmyers@example.net,2020-01-31,Singapore,Singapore,55.0,M,seanmyers@example.net,A
350,Brett Walker,seanmyers@example.net,2020-01-31,Singapore,Singapore,55.0,M,seanmyers@example.net,C
351,Kathryn Cooper,webbkenneth@example.org,2020-11-02,Munich,Germany,41.0,F,webbkenneth@example.org,Standard
352,Todd Thomas,matthew38@example.com,2024-03-31,London,UK,16.0,M,matthew38@example.com,Standard
353,Brent Bowen,tflores@example.org,2020-09-10,London,UK,62.0,F,tflores@example.org,Standard
354,Ashley Sweeney,byrdfrank@example.net,2019-05-08,Toronto,Canada,45.0,M,byrdfrank@example.net,A
355,Christopher Moore,omullen@example.com,2023-12-24,Bangkok,Thailand,60.0,F,omullen@example.com,B
356,Charlotte Sandoval,njohnson@example.org,2020-03-28,Paris,France,24.0,,njohnson@example.org,VIP
357,Jeffrey Smith,jamiegoodwin@example.org,2021-05-01,London,UK,74.0,M,jamiegoodwin@example.org,C
358,Rebecca Herrera,mark71@example.com,2023-04-10,Toronto,Canada,59.0,F,mark71@example.com,Standard
359,Katherine Church,candice96@example.net,2021-12-17,Berlin,Germany,20.0,M,candice96@example.net,VIP
360,Harold Ellis,lisamccarthy@example.com,2021-11-01,Bangkok,Thailand,52.0,M,lisamccarthy@example.com,C
361,Leslie Powers,david41@example.org,2019-08-27,Berlin,Germany,61.0,M,david41@example.org,C
362,Charles Price,baileyhenderson@example.com,2019-04-24,Singapore,Singapore,24.0,F,baileyhenderson@example.com,VIP
363,Melissa Brewer,angelaburns@example.org,2022-10-09,Berlin,Germany,,F,angelaburns@example.org,Standard
364,Ryan Harvey,stephanie72@example.org,2022-03-30,Toronto,Canada,18.0,M,stephanie72@example.org,Standard
365,Tracey Wagner,fortiz@example.com,2024-03-29,New York,USA,75.0,F,fortiz@example.com,Standard
366,Jill Jackson,flynnjeffrey@example.org,2023-04-18,Chicago,USA,62.0,,flynnjeffrey@example.org,B
367,Joshua Jackson,xcunningham@example.com,2021-07-07,Manchester,UK,40.0,M,xcunningham@example.com,Standard
368,Ashley Wilson,amber07@example.net,2022-08-31,Chicago,USA,23.0,M,amber07@example.net,VIP
369,Jeffery Fitzgerald,kennethkidd@example.com,2024-06-27,,Australia,,F,kennethkidd@example.com,C
370,Scott Miller,rowejoel@example.net,2023-01-12,Sydney,Australia,43.0,F,rowejoel@example.net,A
371,Heather Page,imartin@example.org,2019-11-14,London,UK,28.0,F,imartin@example.org,B
372,Renee Hudson,candice25@example.net,2022-09-14,Singapore,Singapore,55.0,F,candice25@example.net,Standard
373,Kenneth Farley,taylorkaren@example.com,2019-05-18,Toronto,Canada,,M,taylorkaren@example.com,C
374,Wendy Camacho,jacquelineanderson@example.org,2020-05-16,New York,USA,41.0,M,jacquelineanderson@example.org,Standard
375,Sandra Juarez,kburns@example.net,2019-04-26,Singapore,Singapore,48.0,M,kburns@example.net,Standard
376,Jason Hayes,powellkara@example.net,2020-10-15,Paris,France,54.0,F,powellkara@example.net,C
377,Jackie Clements,brandi17@example.net,2019-10-21,Bangkok,Thailand,30.0,M,brandi17@example.net,C
378,Heather Brown,brobinson@example.org,2023-12-07,Paris,France,56.0,F,brobinson@example.org,A
379,Frank Campbell MD,ashleewashington@example.com,2024-04-12,London,UK,58.0,M,ashleewashington@example.com,Standard
380,Pamela Williams,ksmith@example.com,2019-11-02,Manchester,UK,40.0,F,ksmith@example.com,B
381,William Patterson,nicoleturner@example.com,2020-09-07,Toronto,Canada,67.0,F,nicoleturner@example.com,C
382,Isaac Miller,brettgarrett@example.net,2022-02-15,Manchester,UK,24.0,F,brettgarrett@example.net,Standard
383,Cynthia Rios,smiththomas@example.org,2024-03-03,Los Angeles,USA,70.0,M,smiththomas@example.org,VIP
384,Kelly Wallace,dominguezlisa@example.com,2020-07-03,New York,USA,59.0,F,dominguezlisa@example.com,Standard
385,Karen Perez,crosscurtis@example.com,2023-04-09,Singapore,Singapore,62.0,F,crosscurtis@example.com,B
386,Edwin Reyes,darlenebyrd@example.org,2020-11-12,Bangkok,Thailand,,,darlenebyrd@example.org,Standard
387,Alejandra Santos,nbell@example.net,2023-03-10,Los Angeles,USA,74.0,F,nbell@example.net,A
388,Tamara Jensen,fheath@example.org,2020-05-05,Bangkok,Thailand,36.0,M,fheath@example.org,Standard
389,Bryce Blair,sylvia52@example.org,2020-09-23,London,UK,39.0,F,sylvia52@example.org,C
390,Bradley Tran,kimberly04@example.org,2021-08-19,Melbourne,Australia,74.0,F,kimberly04@example.org,VIP
391,Katrina Adkins,debbie37@example.com,2020-03-29,Mumbai,India,17.0,M,debbie37@example.com,Standard
392,Jonathan Wheeler,hatfieldsarah@example.org,2020-08-27,Manchester,UK,28.0,M,hatfieldsarah@example.org,Standard
393,Ryan Fisher,kathrynbest@example.org,2022-02-01,Berlin,Germany,59.0,M,kathrynbest@example.org,Standard
394,Austin Baker,livingstonstacy@example.com,2022-08-07,Melbourne,Australia,45.0,F,livingstonstacy@example.com,A
395,Lori Mason,zhenderson@example.org,2022-01-24,Melbourne,Australia,27.0,M,zhenderson@example.org,C
396,Kimberly Hernandez,collinswilliam@example.org,2021-12-09,New York,USA,69.0,M,collinswilliam@example.org,Standard
397,Brittney Murphy,collinssamuel@example.org,2019-01-14,Singapore,Singapore,24.0,M,collinssamuel@example.org,Standard
398,Brandon Hamilton,dsalazar@example.com,2020-03-23,New York,USA,45.0,M,dsalazar@example.com,Standard
399,Mary Thompson,zimmermanjacqueline@example.org,2024-02-13,,France,58.0,M,zimmermanjacqueline@example.org,A
400,Gregory Holmes PhD,gary24@example.net,2019-02-04,New York,USA,62.0,F,gary24@example.net,Standard
401,Patricia Johnson,enelson@example.com,2022-11-30,Mumbai,India,67.0,M,enelson@example.com,C
402,Laura Jones,ddixon@example.com,2019-11-01,Munich,Germany,28.0,F,ddixon@example.com,B
403,Carol Moore,shannonemily@example.org,2021-03-23,Singapore,Singapore,39.0,F,shannonemily@example.org,Standard
404,Jordan Williams,sanchezthomas@example.com,2020-04-07,Melbourne,Australia,59.0,,sanchezthomas@example.com,Standard
405,Cassidy Horne,tranrobin@example.net,2023-04-05,Sydney,Australia,21.0,M,tranrobin@example.net,VIP
405,Cassidy Horne,tranrobin@example.net,2023-04-05,Sydney,Australia,21.0,M,tranrobin@example.net,C
406,Courtney Wright,joseph19@example.com,2019-01-20,Sydney,Australia,21.0,M,joseph19@example.com,Standard
407,Michael Williams,lindajarvis@example.com,2024-06-24,Paris,France,73.0,F,lindajarvis@example.com,Standard
408,John Campbell,mark87@example.org,2022-11-18,Mumbai,India,46.0,M,mark87@example.org,VIP
409,Eddie Mueller,stevenvargas@example.com,2024-01-16,Vancouver,Canada,52.0,M,stevenvargas@example.com,A
409,Eddie Mueller,stevenvargas@example.com,2024-01-16,Vancouver,Canada,52.0,M,stevenvargas@example.com,Standard
410,Dr. Morgan Payne PhD,adamortiz@example.org,2024-05-23,New York,USA,53.0,M,adamortiz@example.org,Standard
411,Makayla Steele,tapiaaaron@example.net,2019-06-07,Bangkok,Thailand,26.0,M,tapiaaaron@example.net,VIP
412,Oscar Parker,alyssaallen@example.com,2024-01-11,Sydney,Australia,37.0,M,alyssaallen@example.com,Standard
413,Valerie Thomas,christopher38@example.com,2023-01-23,Melbourne,Australia,48.0,F,christopher38@example.com,A
414,Jacqueline Villegas,carpenterwilliam@example.net,2023-09-14,Toronto,Canada,37.0,M,carpenterwilliam@example.net,VIP
415,Angela Bradley,ibates@example.org,2020-10-30,Singapore,Singapore,56.0,M,ibates@example.org,A
416,Samuel Howe,vhaynes@example.com,2022-02-06,London,UK,43.0,F,vhaynes@example.com,Standard
417,Dillon Jones,derekcarrillo@example.org,2022-06-20,Singapore,Singapore,67.0,F,derekcarrillo@example.org,B
418,Christopher Owens,wmartinez@example.org,2022-12-28,Manchester,UK,25.0,F,wmartinez@example.org,Standard
419,John Phelps,mooregina@example.net,2024-04-15,New York,USA,44.0,F,mooregina@example.net,Standard
420,Amanda Huff,eddie35@example.com,2021-06-01,Chicago,USA,51.0,F,eddie35@example.com,VIP
420,Amanda Huff,eddie35@example.com,2021-06-01,Chicago,USA,51.0,F,eddie35@example.com,VIP
421,Megan Green,anthonysullivan@example.com,2022-02-09,London,UK,54.0,F,anthonysullivan@example.com,Standard
422,Krista Davis,laradonald@example.org,2021-04-27,Vancouver,Canada,65.0,M,laradonald@example.org,B
423,Richard Walker,madisonwatson@example.net,2022-03-17,Toronto,Canada,26.0,F,madisonwatson@example.net,Standard
424,Angela Willis,johnsoncaleb@example.net,2021-10-06,Vancouver,Canada,20.0,F,johnsoncaleb@example.net,C
425,Carl Stein,david70@example.org,2019-06-07,Singapore,Singapore,32.0,M,david70@example.org,A
426,Jessica Ramsey,rjohnson@example.com,2020-02-05,,France,22.0,F,rjohnson@example.com,Standard
427,Daniel Lopez,sean20@example.net,2022-06-24,Mumbai,India,67.0,F,sean20@example.net,Standard
428,Danielle Phillips,eandrade@example.org,2023-10-27,Mumbai,India,54.0,Other,eandrade@example.org,VIP
429,James Barnes,crystalpham@example.org,2021-09-08,Toronto,Canada,27.0,F,crystalpham@example.org,Standard
430,Rachael Howard DDS,kcooper@example.net,2022-07-20,Melbourne,Australia,52.0,F,kcooper@example.net,B
431,Devin Johnson,anthonycochran@example.com,2021-03-15,Singapore,Singapore,23.0,,anthonycochran@example.com,VIP
432,William Moreno,terrigarcia@example.net,2022-10-28,Chicago,USA,17.0,M,terrigarcia@example.net,A
433,Joseph Moody,gallagherstacie@example.net,2023-06-22,Berlin,Germany,69.0,M,gallagherstacie@example.net,B
434,Rebecca Kelly,gregorywatkins@example.net,2022-10-10,Manchester,UK,24.0,M,gregorywatkins@example.net,A
435,Suzanne Johnson,stacey92@example.net,2021-05-16,Melbourne,Australia,20.0,M,stacey92@example.net,Standard
436,Sara Cochran,lweaver@example.com,2021-11-03,Munich,Germany,,M,lweaver@example.com,Standard
437,Anthony Guzman,foxaaron@example.net,2022-01-04,Singapore,Singapore,56.0,F,foxaaron@example.net,Standard
438,Carlos Love,brian29@example.net,2020-12-28,Sydney,Australia,57.0,M,brian29@example.net,Standard
439,Patricia Mathis,susan56@example.net,2021-03-29,,Australia,66.0,F,susan56@example.net,VIP
440,Eric Taylor,jessicakim@example.net,2023-03-10,Munich,Germany,51.0,F,jessicakim@example.net,Standard
441,Marie Thompson,jeffrey92@example.com,2021-08-06,Manchester,UK,60.0,F,jeffrey92@example.com,B
442,Michael Anderson,rushstacy@example.com,2020-08-28,Los Angeles,USA,74.0,Other,rushstacy@example.com,Standard
443,Patricia Bradley,carriemccall@example.net,2020-12-14,Chicago,USA,37.0,M,carriemccall@example.net,Standard
444,Keith Zuniga,markmiller@example.com,2019-07-19,Berlin,Germany,62.0,F,markmiller@example.com,Standard
445,Mrs. Stacey Davis,sean43@example.org,2022-12-26,Singapore,Singapore,17.0,M,sean43@example.org,B
446,Hayley Buchanan,williamssamuel@example.com,2024-03-19,Chicago,USA,49.0,M,williamssamuel@example.com,Standard
447,Stacey Snyder,ybell@example.org,2020-04-19,Berlin,Germany,56.0,F,ybell@example.org,C
448,Rachel Lane,franciscojones@example.org,2023-02-19,New York,USA,72.0,F,franciscojones@example.org,Standard
449,Fernando Lynn,petersonpamela@example.org,2020-03-15,Melbourne,Australia,33.0,F,petersonpamela@example.org,C
450,Kimberly Villanueva,morgantricia@example.com,2023-06-26,Los Angeles,USA,27.0,F,morgantricia@example.com,Standard
451,Jessica Valdez,gmoore@example.com,2023-11-02,Sydney,Australia,49.0,F,gmoore@example.com,Standard
452,Colton Terry,donna43@example.org,2022-04-17,Manchester,UK,38.0,F,donna43@example.org,Standard
453,Kenneth Larsen,briansmith@example.org,2022-12-16,Sydney,Australia,74.0,F,briansmith@example.org,A
454,Matthew Greene,collinclark@example.net,2020-05-03,Los Angeles,USA,23.0,M,collinclark@example.net,Standard
455,Bradley Anthony,kristen77@example.net,2022-05-06,Manchester,UK,52.0,M,kristen77@example.net,Standard
456,Martin Hughes,nicole52@example.com,2024-02-26,Melbourne,Australia,75.0,M,nicole52@example.com,B
457,Jeremiah Baker,anne21@example.org,2020-01-19,Chicago,USA,69.0,F,anne21@example.org,C
458,Rhonda Gutierrez,angelarandall@example.net,2021-09-19,New York,USA,28.0,M,angelarandall@example.net,C
459,Joseph Camacho,parmstrong@example.com,2021-04-17,Berlin,Germany,42.0,F,parmstrong@example.com,B
460,James Nash,shawrachel@example.net,2019-03-05,Paris,France,,F,shawrachel@example.net,Standard
461,Lisa Martinez,kthompson@example.org,2021-07-25,Singapore,Singapore,63.0,M,kthompson@example.org,A
462,Beth Henderson,oharris@example.org,2019-08-22,Paris,France,65.0,M,oharris@example.org,A
463,Deanna Bartlett,millerangela@example.net,2019-03-27,Singapore,Singapore,50.0,M,millerangela@example.net,Standard
464,Donald Ellis,buchanancindy@example.net,2023-03-19,Sydney,Australia,35.0,F,buchanancindy@example.net,Standard
465,Ashley Hernandez,buckleyanna@example.org,2023-07-31,Mumbai,India,44.0,M,buckleyanna@example.org,Standard
466,Sharon Beard,pbaker@example.com,2023-07-19,Toronto,Canada,60.0,M,pbaker@example.com,Standard
467,Kara Jackson,mthomas@example.net,2022-06-15,Chicago,USA,66.0,F,mthomas@example.net,Standard
468,Amanda Preston,hannah07@example.com,2021-12-26,London,UK,54.0,M,hannah07@example.com,B
469,Alicia Roth,larry71@example.org,2022-03-18,Vancouver,Canada,70.0,M,larry71@example.org,Standard
470,William Ramos,joseph69@example.net,2024-05-25,Chicago,USA,,M,joseph69@example.net,Standard
471,Jeremy Mcintyre,wfigueroa@example.net,2023-11-09,Melbourne,Australia,31.0,F,wfigueroa@example.net,Standard
472,Samantha Robertson,cameronmckinney@example.com,2022-10-16,Mumbai,India,47.0,M,cameronmckinney@example.com,A
473,Samuel Suarez,thompsonnancy@example.org,2021-07-14,Manchester,UK,56.0,F,thompsonnancy@example.org,Standard
474,Danielle Bryant,janet45@example.com,2020-07-23,Melbourne,Australia,45.0,F,janet45@example.com,VIP
475,Madison Martinez,allentracy@example.com,2023-10-01,Singapore,Singapore,62.0,M,allentracy@example.com,Standard
476,Seth Matthews,max41@example.com,2019-05-10,Mumbai,India,41.0,F,max41@example.com,Standard
477,Anthony Nash,mercedesholland@example.net,2020-10-23,Vancouver,Canada,37.0,M,mercedesholland@example.net,A
477,Anthony Nash,mercedesholland@example.net,2020-10-23,Vancouver,Canada,37.0,M,mercedesholland@example.net,A
478,Matthew Palmer,wellsdavid@example.org,2020-12-04,Singapore,Singapore,18.0,F,wellsdavid@example.org,Standard
479,Alejandra King,jennifer46@example.com,2024-03-18,Los Angeles,USA,44.0,F,jennifer46@example.com,Standard
480,Judy Robinson,erica96@example.net,2024-02-06,Melbourne,Australia,72.0,Other,erica96@example.net,A
481,Jorge Bates,anna99@example.com,2019-07-11,Vancouver,Canada,39.0,M,anna99@example.com,B
482,Brian Brown,danielle44@example.net,2019-04-17,Chicago,USA,56.0,F,danielle44@example.net,Standard
483,Stephanie Evans,zacharyallen@example.org,2019-07-06,Sydney,Australia,16.0,M,zacharyallen@example.org,VIP
484,Rebekah Greene,erin07@example.com,2022-10-24,Munich,Germany,,F,erin07@example.com,B
484,Rebekah Greene,erin07@example.com,2022-10-24,Munich,Germany,,F,erin07@example.com,Standard
485,Jason Price,aguilarwanda@example.org,2021-05-14,Mumbai,India,46.0,M,aguilarwanda@example.org,B
486,Micheal Parks,qknox@example.com,2019-07-31,Los Angeles,USA,39.0,M,qknox@example.com,Standard
487,Sarah Pittman,kellyruiz@example.net,2023-11-26,Singapore,Singapore,57.0,M,kellyruiz@example.net,VIP
488,Robert Hines,staceylam@example.net,2022-06-03,New York,USA,26.0,M,staceylam@example.net,Standard
489,Henry Garner,robert55@example.com,2024-02-27,Chicago,USA,55.0,F,robert55@example.com,Standard
490,Julie Wilson,delacruzbrandy@example.net,2019-10-14,Los Angeles,USA,53.0,F,delacruzbrandy@example.net,Standard
491,Steve Mason,amoreno@example.org,2019-10-14,Singapore,Singapore,33.0,M,amoreno@example.org,Standard
492,Brittany Gay,robert97@example.org,2022-05-29,,Australia,65.0,M,robert97@example.org,C
493,Mike Maxwell,lcook@example.com,2020-09-09,Bangkok,Thailand,49.0,F,lcook@example.com,VIP
494,Abigail Hill,barbaramoore@example.org,2019-04-22,Sydney,Australia,47.0,M,barbaramoore@example.org,C
495,Jeffrey Jordan,ysanford@example.org,2021-12-17,Los Angeles,USA,39.0,M,ysanford@example.org,C
496,Curtis Watson,mcclainkatherine@example.net,2021-05-11,Paris,France,50.0,,mcclainkatherine@example.net,B
497,Michael Sims,jeremywiley@example.com,2019-05-30,Singapore,Singapore,53.0,F,jeremywiley@example.com,VIP
498,James Chapman,cameronwilliams@example.com,2024-04-26,New York,USA,48.0,M,cameronwilliams@example.com,VIP
499,Joseph Warren,ibarron@example.com,2022-12-08,Manchester,UK,21.0,F,ibarron@example.com,Standard
500,Katherine Christensen MD,osmith@example.net,2020-09-26,Los Angeles,USA,48.0,F,osmith@example.net,C
501,Mrs. Alison Wagner,richardsondebra@example.org,2021-03-11,London,UK,56.0,M,richardsondebra@example.org,B
502,Martin Wise,wheelerbrandon@example.org,2022-12-01,Vancouver,Canada,62.0,F,wheelerbrandon@example.org,Standard
503,Alicia Norris,hwallace@example.net,2021-06-08,Bangkok,Thailand,45.0,M,hwallace@example.net,B
504,Michael Harris,turnerdorothy@example.net,2023-02-25,Sydney,Australia,,F,turnerdorothy@example.net,Standard
505,Lisa Haynes,grivas@example.net,2024-05-05,Berlin,Germany,49.0,F,grivas@example.net,B
506,Autumn Wilson,jimenezchelsea@example.com,2019-09-17,London,UK,62.0,F,jimenezchelsea@example.com,Standard
507,Valerie Howard,cphillips@example.net,2021-05-29,Singapore,Singapore,49.0,M,cphillips@example.net,Standard
508,Daniel Fitzpatrick MD,smithchristopher@example.org,2021-10-13,Los Angeles,USA,48.0,M,smithchristopher@example.org,Standard
509,Maureen Hernandez,chancharles@example.net,2019-11-19,London,UK,65.0,M,chancharles@example.net,Standard
510,David Hall,joseph01@example.org,2023-02-26,Toronto,Canada,,F,joseph01@example.org,Standard
511,Sarah Ward,ronald11@example.org,2021-01-15,Berlin,Germany,74.0,M,ronald11@example.org,Standard
512,Charles Holland,michael79@example.com,2023-07-03,Munich,Germany,42.0,M,michael79@example.com,Standard
513,Anna Briggs,danielross@example.com,2020-07-09,London,UK,52.0,M,danielross@example.com,Standard
514,James Jefferson,zbanks@example.org,2020-04-02,Chicago,USA,18.0,M,zbanks@example.org,A
515,Michael Brown,dalepruitt@example.com,2023-05-04,Vancouver,Canada,36.0,F,dalepruitt@example.com,Standard
516,Meghan White,nmaxwell@example.org,2022-02-28,Vancouver,Canada,63.0,M,nmaxwell@example.org,C
517,Sheryl Acosta,timothyfreeman@example.com,2023-05-02,Berlin,Germany,62.0,F,timothyfreeman@example.com,VIP
518,Arthur Pena,busherica@example.net,2024-03-24,New York,USA,17.0,M,busherica@example.net,VIP
519,Krystal Levine,april91@example.com,2019-01-20,Bangkok,Thailand,16.0,M,april91@example.com,C
520,Danielle Reed,jhernandez@example.net,2019-08-01,Vancouver,Canada,49.0,,jhernandez@example.net,B
521,Mason Moore,kchristian@example.org,2022-12-28,Chicago,USA,,M,kchristian@example.org,B
522,Erica Rivera,brent38@example.net,2022-12-06,Manchester,UK,45.0,F,brent38@example.net,Standard
523,Robert Miller,csolis@example.org,2022-07-29,Chicago,USA,20.0,M,csolis@example.org,VIP
524,Jillian Wilson,bmcgee@example.org,2020-04-29,Chicago,USA,32.0,F,bmcgee@example.org,C
525,Andrew Dunn,connersylvia@example.net,2023-02-15,Mumbai,India,36.0,Other,connersylvia@example.net,Standard
526,Jordan Clark,xclements@example.org,2023-05-17,Chicago,USA,22.0,M,xclements@example.org,Standard
527,Sarah Rivera,xmoran@example.net,2019-09-05,Manchester,UK,38.0,F,xmoran@example.net,Standard
528,Brent Hopkins,petersonmaria@example.com,2023-10-12,Vancouver,Canada,21.0,M,petersonmaria@example.com,Standard
529,Jacqueline Rodriguez,travisunderwood@example.net,2022-05-20,Melbourne,Australia,29.0,F,travisunderwood@example.net,C
530,Ashley Carr,davidphelps@example.org,2024-06-06,Toronto,Canada,41.0,F,davidphelps@example.org,Standard
531,Richard Love,shermanbrandon@example.net,2019-03-05,Chicago,USA,70.0,F,shermanbrandon@example.net,Standard
532,Leah Barton,lellis@example.net,2019-07-28,Berlin,Germany,,,lellis@example.net,Standard
533,Jonathan Moreno,tranryan@example.net,2020-02-10,Chicago,USA,39.0,F,tranryan@example.net,C
534,Mr. Thomas Thompson,jessicaanderson@example.com,2020-06-14,Paris,France,17.0,M,jessicaanderson@example.com,A
535,Lisa Morris,mbarnes@example.net,2019-09-21,Singapore,Singapore,73.0,F,mbarnes@example.net,Standard
536,Denise Stuart,shawn22@example.com,2019-04-14,Berlin,Germany,75.0,F,shawn22@example.com,B
537,Stacey Hunt,jennifer83@example.org,2021-02-22,New York,USA,27.0,F,jennifer83@example.org,VIP
538,Miguel Parks,tinasantos@example.org,2023-12-15,Berlin,Germany,18.0,M,tinasantos@example.org,VIP
539,Melissa Morris,hodgesanna@example.net,2021-04-23,Berlin,Germany,46.0,F,hodgesanna@example.net,B
540,Mary Butler,natalie60@example.net,2022-08-09,Toronto,Canada,31.0,M,natalie60@example.net,Standard
541,James Brown,gonzalezkaren@example.org,2023-05-21,Manchester,UK,46.0,M,gonzalezkaren@example.org,Standard
542,Miss Brianna Brown,james80@example.com,2020-10-20,Munich,Germany,33.0,F,james80@example.com,VIP
543,Ashley Parrish,juliahoffman@example.org,2023-07-19,Bangkok,Thailand,19.0,F,juliahoffman@example.org,VIP
544,Rebecca Horton,housepaul@example.net,2020-04-21,Paris,France,22.0,M,housepaul@example.net,Standard
545,Juan Smith,james73@example.net,2024-02-22,Singapore,Singapore,64.0,M,james73@example.net,Standard
546,Maria Fischer,kimberlybrandt@example.com,2021-03-06,Singapore,Singapore,75.0,F,kimberlybrandt@example.com,VIP
547,William Jones,jillwilson@example.org,2020-10-13,Paris,France,74.0,F,jillwilson@example.org,B
548,Justin Anderson,adam72@example.org,2022-02-28,Paris,France,52.0,M,adam72@example.org,Standard
549,Frank Williams,tracy98@example.com,2022-01-15,Berlin,Germany,27.0,F,tracy98@example.com,VIP
550,Michael Fox,abigailhartman@example.org,2019-02-10,Toronto,Canada,,F,abigailhartman@example.org,Standard
551,Joshua Davis,nicolealvarado@example.com,2020-11-28,Chicago,USA,74.0,F,nicolealvarado@example.com,A
552,Daniel Goodwin,wbarajas@example.net,2022-04-16,Chicago,USA,65.0,F,wbarajas@example.net,Standard
553,Michael Griffin,susanfleming@example.com,2021-02-04,Los Angeles,USA,53.0,F,susanfleming@example.com,VIP
554,Robert Wilson,amber40@example.net,2023-02-08,Chicago,USA,66.0,F,amber40@example.net,B
555,Jaime Lang,stucker@example.net,2024-06-06,Melbourne,Australia,60.0,F,stucker@example.net,Standard
556,Jose Vaughan,teresaayala@example.net,2022-04-21,Sydney,Australia,40.0,F,teresaayala@example.net,B
557,Austin Santiago,michellecoleman@example.org,2019-01-04,Melbourne,Australia,41.0,M,michellecoleman@example.org,Standard
558,Ronald Johns,elucas@example.net,2022-05-18,Chicago,USA,74.0,M,elucas@example.net,C
559,Allison Love,millerbrian@example.com,2024-04-02,Los Angeles,USA,25.0,F,millerbrian@example.com,A
560,Laura Perez,rickey76@example.com,2019-12-10,London,UK,72.0,M,rickey76@example.com,Standard
561,James Wilson,maychristine@example.net,2023-12-21,Melbourne,Australia,,M,maychristine@example.net,B
562,Mercedes Jones,robertsgina@example.net,2020-06-09,London,UK,,M,robertsgina@example.net,A
563,Preston Kim,bshort@example.com,2023-12-17,Chicago,USA,47.0,F,bshort@example.com,C
564,Daniel Francis,susan24@example.net,2021-09-08,Mumbai,India,57.0,F,susan24@example.net,VIP
565,Traci Camacho,susan08@example.net,2023-09-29,Singapore,Singapore,,F,susan08@example.net,C
566,Andrew Armstrong,fmedina@example.com,2019-12-15,London,UK,26.0,M,fmedina@example.com,VIP
567,Patrick Swanson,robertbrewer@example.net,2020-11-23,Los Angeles,USA,55.0,F,robertbrewer@example.net,VIP
568,Clinton Jensen,james29@example.org,2019-12-04,Sydney,Australia,72.0,F,james29@example.org,A
569,Tara Gamble,enewman@example.com,2021-04-18,Toronto,Canada,62.0,M,enewman@example.com,Standard
570,Danielle Gonzalez,wlynn@example.org,2020-05-01,Vancouver,Canada,19.0,M,wlynn@example.org,Standard
571,Cynthia Mitchell,mcculloughlouis@example.com,2021-01-08,New York,USA,43.0,M,mcculloughlouis@example.com,Standard
572,Matthew Steele,arianadiaz@example.com,2020-02-13,Berlin,Germany,17.0,,arianadiaz@example.com,Standard
573,Caroline Edwards,jenniferdavidson@example.com,2023-09-25,Berlin,Germany,35.0,M,jenniferdavidson@example.com,C
574,Brandy Quinn,wford@example.com,2019-07-06,Vancouver,Canada,50.0,F,wford@example.com,C
575,Mr. Matthew Miller,michele28@example.org,2021-07-01,Chicago,USA,32.0,M,michele28@example.org,Standard
576,Stephen Jones,mcclainmelissa@example.net,2019-05-07,Paris,France,64.0,M,mcclainmelissa@example.net,VIP
577,Kevin Sullivan,rebeccaarnold@example.net,2022-01-13,Singapore,Singapore,64.0,M,rebeccaarnold@example.net,VIP
578,Kimberly Valdez,michaelwalker@example.net,2021-12-06,Mumbai,India,50.0,M,michaelwalker@example.net,Standard
579,Donna Marshall,sanderswayne@example.net,2021-09-02,Toronto,Canada,21.0,F,sanderswayne@example.net,Standard
580,Victor Holden,katherinetaylor@example.org,2024-01-19,Paris,France,67.0,F,katherinetaylor@example.org,Standard
581,Travis Hopkins,jillwebb@example.com,2021-07-08,Singapore,Singapore,26.0,F,jillwebb@example.com,A
582,Philip Hall,mike03@example.net,2019-06-10,Manchester,UK,28.0,M,mike03@example.net,C
583,Heather Harrison,ckeith@example.net,2020-10-16,Vancouver,Canada,21.0,F,ckeith@example.net,Standard
584,Michael Boyd,mary49@example.net,2021-11-30,Vancouver,Canada,74.0,M,mary49@example.net,Standard
585,Jamie Gray,blacknicholas@example.org,2023-05-20,Munich,Germany,23.0,M,blacknicholas@example.org,Standard
586,Heather Parrish,msparks@example.org,2024-05-29,Singapore,Singapore,75.0,M,msparks@example.org,Standard
587,Brenda Martin,robertsonjuan@example.org,2022-01-01,Mumbai,India,72.0,M,robertsonjuan@example.org,Standard
588,Jack Love,guerrerorobert@example.com,2021-08-26,Paris,France,27.0,M,guerrerorobert@example.com,Standard
589,Karen Mendoza,brittanyholland@example.com,2021-04-02,Melbourne,Australia,41.0,F,brittanyholland@example.com,VIP
590,Andrew Berry,dennishunt@example.net,2021-08-31,Melbourne,Australia,73.0,M,dennishunt@example.net,Standard
591,Christopher Nielsen,kgreene@example.net,2020-07-28,Vancouver,Canada,70.0,M,kgreene@example.net,Standard
592,Nathan Stanley,stacey37@example.net,2020-09-07,Chicago,USA,65.0,F,stacey37@example.net,Standard
593,Sharon Jackson DVM,laurahoover@example.org,2019-07-02,Sydney,Australia,44.0,M,laurahoover@example.org,Standard
594,Kayla Jackson,sandra99@example.org,2021-11-23,Singapore,Singapore,,F,sandra99@example.org,Standard
595,James Rodriguez,alexandrablankenship@example.net,2021-11-03,Melbourne,Australia,24.0,M,alexandrablankenship@example.net,Standard
596,Chase Davis,mvalenzuela@example.org,2020-01-30,Chicago,USA,,F,mvalenzuela@example.org,Standard
597,Kim Goodwin,olsondavid@example.net,2022-12-14,London,UK,33.0,F,olsondavid@example.net,A
598,April Pace,xboyd@example.org,2019-09-11,Bangkok,Thailand,31.0,F,xboyd@example.org,Standard
599,Jessica Mays,yclarke@example.com,2021-08-29,Mumbai,India,51.0,M,yclarke@example.com,Standard
600,Natalie Juarez,colemanjonathan@example.org,2023-08-29,Melbourne,Australia,,M,colemanjonathan@example.org,VIP
601,Angela George,ascott@example.net,2024-05-30,Singapore,Singapore,70.0,F,ascott@example.net,C
602,Adrienne Mills,brooksjamie@example.com,2021-04-18,Sydney,Australia,17.0,M,brooksjamie@example.com,VIP
603,Brian Simmons,jose86@example.net,2024-02-10,Berlin,Germany,57.0,F,jose86@example.net,B
604,Donald Becker,robertbowers@example.com,2023-07-07,Paris,France,61.0,F,robertbowers@example.com,Standard
605,Justin Webb,becky62@example.net,2023-10-11,Manchester,UK,45.0,M,becky62@example.net,VIP
606,David Logan,craigromero@example.com,2022-07-01,Mumbai,India,53.0,M,craigromero@example.com,Standard
607,Lisa Cohen,martintamara@example.org,2023-09-16,Mumbai,India,51.0,F,martintamara@example.org,VIP
608,Samantha Ruiz,qdavis@example.org,2021-09-13,Los Angeles,USA,37.0,M,qdavis@example.org,Standard
609,Lee Ramsey,hmendez@example.com,2022-09-05,Vancouver,Canada,35.0,F,hmendez@example.com,Standard
610,Linda Bautista,daniellegonzales@example.org,2023-07-08,New York,USA,41.0,M,daniellegonzales@example.org,A
611,Tara Holmes,arthurgreene@example.net,2021-10-15,Sydney,Australia,32.0,M,arthurgreene@example.net,VIP
612,Lisa Craig,john02@example.org,2022-12-21,Paris,France,68.0,F,john02@example.org,A
613,Penny Gomez MD,aprilmclaughlin@example.org,2022-07-31,Munich,Germany,74.0,F,aprilmclaughlin@example.org,A
614,Krista Barber,michael43@example.net,2023-09-18,Chicago,USA,72.0,M,michael43@example.net,VIP
615,Jordan Powell,greenrichard@example.org,2020-06-13,Melbourne,Australia,64.0,M,greenrichard@example.org,C
616,Kathy Morgan,prattsue@example.net,2019-07-02,Sydney,Australia,38.0,F,prattsue@example.net,Standard
617,Laura Benson,xhart@example.org,2020-11-09,Bangkok,Thailand,32.0,F,xhart@example.org,C
618,Tonya Ellis,bmosley@example.com,2023-11-10,New York,USA,53.0,M,bmosley@example.com,Standard
619,Austin Schultz,ericahall@example.com,2021-10-21,Toronto,Canada,71.0,F,ericahall@example.com,Standard
620,Harry Nichols,john16@example.net,2023-10-16,Mumbai,India,24.0,,john16@example.net,Standard
621,Gloria Spencer,thomasgomez@example.net,2024-01-31,Bangkok,Thailand,25.0,M,thomasgomez@example.net,Standard
622,Travis Vega,victorgonzalez@example.net,2020-11-12,Berlin,Germany,27.0,F,victorgonzalez@example.net,VIP
623,Derek Perez,marykelly@example.org,2023-04-08,Toronto,Canada,52.0,M,marykelly@example.org,Standard
624,Blake Sosa,waustin@example.net,2019-09-23,Los Angeles,USA,43.0,,waustin@example.net,B
625,Sarah Watson,travis94@example.com,2019-01-10,Manchester,UK,50.0,F,travis94@example.com,Standard
626,Phillip Dixon,kwalker@example.org,2023-03-31,,UK,,M,kwalker@example.org,A
627,Robert Mendoza,shawphillip@example.net,2022-11-21,Toronto,Canada,35.0,M,shawphillip@example.net,Standard
628,Joyce Martinez,astewart@example.org,2019-05-14,Chicago,USA,35.0,M,astewart@example.org,Standard
629,Jamie Garcia,chloe42@example.net,2020-11-22,Munich,Germany,72.0,,chloe42@example.net,Standard
630,Derrick Mullen,michael76@example.org,2021-01-05,Berlin,Germany,26.0,F,michael76@example.org,Standard
631,Paul Diaz,lramirez@example.net,2020-04-04,Toronto,Canada,29.0,F,lramirez@example.net,Standard
632,Kenneth Perez,lelinda@example.net,2022-12-27,London,UK,,F,lelinda@example.net,Standard
633,James Thomas,thomassmith@example.com,2022-06-30,Munich,Germany,54.0,M,thomassmith@example.com,Standard
634,Dr. Samuel Holmes DDS,jevans@example.net,2019-04-09,New York,USA,42.0,F,jevans@example.net,Standard
635,Brett Martin,lisawoods@example.net,2019-11-10,,Australia,60.0,F,lisawoods@example.net,C
636,Patrick Green,ann45@example.org,2022-09-18,Los Angeles,USA,33.0,F,ann45@example.org,Standard
637,Gregory Frazier,barbarasantos@example.net,2019-08-03,Bangkok,Thailand,62.0,M,barbarasantos@example.net,A
638,Richard Kelly,champton@example.org,2020-02-11,Berlin,Germany,28.0,,champton@example.org,Standard
639,Dustin Welch,mirandadavidson@example.com,2022-12-11,London,UK,34.0,M,mirandadavidson@example.com,C
640,Logan Sullivan,millermatthew@example.com,2024-03-26,,Australia,37.0,F,millermatthew@example.com,VIP
641,Eddie Adams,cnelson@example.com,2023-09-07,Los Angeles,USA,58.0,M,cnelson@example.com,B
642,Kelly Cole,ivanjohnson@example.net,2023-01-21,Los Angeles,USA,73.0,,ivanjohnson@example.net,C
643,David Manning,clarkrandy@example.org,2020-06-24,Vancouver,Canada,19.0,F,clarkrandy@example.org,Standard
644,Shawn Kelley,wisealexandria@example.org,2021-01-07,Vancouver,Canada,43.0,M,wisealexandria@example.org,VIP
645,Luke Miller,pparker@example.net,2019-01-20,New York,USA,58.0,M,pparker@example.net,C
646,Mark Anderson,anthonyalvarado@example.com,2020-07-03,Paris,France,39.0,F,anthonyalvarado@example.com,C
647,Julie Pitts,amy28@example.org,2020-07-10,Berlin,Germany,60.0,M,amy28@example.org,Standard
648,Joyce Curry,omills@example.net,2019-12-08,Singapore,Singapore,24.0,Other,omills@example.net,Standard
649,Gregory Fernandez,ramosmichael@example.com,2019-08-01,Chicago,USA,74.0,M,ramosmichael@example.com,Standard
650,Adam Mills,mauriceharrison@example.org,2022-06-05,,USA,65.0,M,mauriceharrison@example.org,Standard
651,Katherine Campos,albert64@example.net,2023-01-29,Mumbai,India,46.0,F,albert64@example.net,VIP
652,Adam Brooks,bkhan@example.com,2019-05-10,New York,USA,57.0,M,bkhan@example.com,Standard
653,Miguel Brewer,fwalker@example.com,2023-03-03,Singapore,Singapore,62.0,M,fwalker@example.com,Standard
654,Kellie Marsh,justin84@example.com,2021-11-29,London,UK,60.0,M,justin84@example.com,Standard
655,Barry Taylor,walshchristine@example.com,2021-09-13,Toronto,Canada,58.0,M,walshchristine@example.com,Standard
656,Katherine Flores,brandonnichols@example.org,2024-01-01,Munich,Germany,,M,brandonnichols@example.org,Standard
657,Diane Martinez,oacosta@example.org,2023-10-11,Berlin,Germany,71.0,F,oacosta@example.org,A
658,Johnny Peterson,kristi75@example.com,2024-06-09,London,UK,19.0,F,kristi75@example.com,Standard
659,Amanda Miller,brianrowe@example.org,2020-04-26,Mumbai,India,45.0,F,brianrowe@example.org,B
659,Amanda Miller,brianrowe@example.org,2020-04-26,Mumbai,India,45.0,F,brianrowe@example.org,B
660,Catherine Huang,lisa01@example.net,2021-07-04,Berlin,Germany,23.0,F,lisa01@example.net,C
661,Ray Ramos,gonzalezjill@example.org,2021-04-24,Manchester,UK,51.0,M,gonzalezjill@example.org,Standard
662,Vickie Kennedy,sharon20@example.net,2022-07-29,Paris,France,72.0,M,sharon20@example.net,Standard
663,Kelly King,james03@example.org,2021-01-14,London,UK,68.0,M,james03@example.org,A
664,Jeffrey Smith,brenda63@example.org,2022-05-13,Paris,France,61.0,F,brenda63@example.org,Standard
665,Lauren Vazquez,nathandavis@example.org,2022-09-11,Singapore,Singapore,16.0,,nathandavis@example.org,Standard
666,Mr. George Booker DDS,browndeanna@example.net,2022-01-26,Vancouver,Canada,39.0,F,browndeanna@example.net,Standard
667,Ashley Freeman,tina57@example.net,2023-08-11,Chicago,USA,22.0,F,tina57@example.net,Standard
668,Michael Howard,johnwilliams@example.net,2021-03-15,Mumbai,India,45.0,F,johnwilliams@example.net,C
669,Edward Terry,ashleystephens@example.com,2021-04-28,Singapore,Singapore,75.0,F,ashleystephens@example.com,C
670,Denise Guerra,caseymoore@example.com,2021-07-11,Bangkok,Thailand,58.0,,caseymoore@example.com,Standard
671,Kimberly Gibson,bgross@example.net,2021-12-22,New York,USA,51.0,M,bgross@example.net,C
672,Patty Allen,barrettamber@example.com,2023-05-19,Munich,Germany,60.0,F,barrettamber@example.com,VIP
673,Michael Cannon,chloemorris@example.net,2022-09-08,Manchester,UK,54.0,F,chloemorris@example.net,Standard
674,Brent Hopkins,conleydavid@example.org,2024-02-19,Paris,France,33.0,F,conleydavid@example.org,B
675,John Garcia,hbarrett@example.net,2019-10-01,Singapore,Singapore,42.0,M,hbarrett@example.net,Standard
676,Dawn Diaz,smithsamantha@example.net,2022-12-07,Mumbai,India,71.0,M,smithsamantha@example.net,Standard
677,Steve Miller PhD,wardjulia@example.com,2020-02-16,Toronto,Canada,55.0,Other,wardjulia@example.com,Standard
678,Rebecca Brown,allison14@example.org,2022-12-25,Chicago,USA,27.0,F,allison14@example.org,Standard
679,Toni Davis,amandalopez@example.net,2023-04-08,Los Angeles,USA,51.0,M,amandalopez@example.net,Standard
680,Laura Meza,xreese@example.net,2022-10-12,Manchester,UK,34.0,F,xreese@example.net,VIP
681,Megan Park,kandrade@example.org,2019-02-21,Los Angeles,USA,,F,kandrade@example.org,VIP
682,Kathy Sandoval,umahoney@example.net,2019-11-26,Singapore,Singapore,59.0,M,umahoney@example.net,A
683,Erika Watson PhD,umckenzie@example.net,2020-02-22,Vancouver,Canada,18.0,M,umckenzie@example.net,VIP
684,Joshua Brooks,michael77@example.com,2023-02-23,Sydney,Australia,71.0,F,michael77@example.com,C
685,Andrew Mitchell,holmesvictoria@example.com,2023-05-26,Munich,Germany,60.0,F,holmesvictoria@example.com,A
686,William Lewis,andrew48@example.net,2024-06-21,Singapore,Singapore,,F,andrew48@example.net,Standard
687,Tammy Moore,stevenseric@example.com,2023-05-19,Mumbai,India,69.0,M,stevenseric@example.com,Standard
688,Kevin Hall,christopher69@example.org,2023-03-27,London,UK,50.0,M,christopher69@example.org,Standard
689,Misty Mcguire,tracynolan@example.net,2020-08-25,Toronto,Canada,27.0,,tracynolan@example.net,VIP
690,Susan Larson,benjamin96@example.org,2021-11-18,Melbourne,Australia,,F,benjamin96@example.org,Standard
691,Tammy Cook,hbutler@example.org,2022-04-11,Chicago,USA,16.0,F,hbutler@example.org,VIP
692,Sarah Mcfarland,hbrown@example.org,2024-03-16,Chicago,USA,,M,hbrown@example.org,VIP
693,Karl Murphy,ericnunez@example.com,2020-09-08,Sydney,Australia,66.0,M,ericnunez@example.com,Standard
694,Nicole Johnston,walkerkeith@example.com,2021-12-12,London,UK,27.0,F,walkerkeith@example.com,Standard
695,George Alvarez,kelleyjose@example.com,2022-01-04,Munich,Germany,21.0,M,kelleyjose@example.com,C
696,Patricia Anderson,timothygonzalez@example.com,2021-01-08,London,UK,29.0,M,timothygonzalez@example.com,C
697,Christina Gilbert,johnadams@example.com,2023-08-14,Munich,Germany,16.0,F,johnadams@example.com,Standard
698,Thomas Davis,whenderson@example.org,2022-06-10,Sydney,Australia,31.0,F,whenderson@example.org,Standard
699,Kirk Johnson,gary59@example.com,2023-06-19,Bangkok,Thailand,40.0,F,gary59@example.com,VIP
700,Jessica Glass,jamesbrooks@example.net,2023-08-11,Munich,Germany,48.0,F,jamesbrooks@example.net,B
701,Ashley Brown,mistywilkins@example.org,2022-08-27,Bangkok,Thailand,36.0,F,mistywilkins@example.org,A
701,Ashley Brown,mistywilkins@example.org,2022-08-27,Bangkok,Thailand,36.0,F,mistywilkins@example.org,Standard
702,Robert Torres,njohnson@example.net,2022-01-06,Singapore,Singapore,16.0,M,njohnson@example.net,Standard
703,Christina Mills,ana92@example.net,2023-11-07,Toronto,Canada,69.0,M,ana92@example.net,Standard
704,Alicia Aguilar,scottbrian@example.org,2023-05-07,Melbourne,Australia,57.0,M,scottbrian@example.org,Standard
705,Lisa Brown,jonesdonna@example.net,2021-07-29,New York,USA,18.0,M,jonesdonna@example.net,A
706,Mary Lin,carternicole@example.com,2019-05-25,Munich,Germany,68.0,F,carternicole@example.com,Standard
707,James Bray,mckeetodd@example.net,2021-04-08,Sydney,Australia,,M,mckeetodd@example.net,Standard
708,Charlotte Mason,tcastro@example.org,2023-01-15,Sydney,Australia,20.0,M,tcastro@example.org,VIP
709,Thomas Torres,klong@example.org,2021-01-02,Los Angeles,USA,22.0,M,klong@example.org,Standard
710,Harold Garrett,wendyirwin@example.com,2023-04-17,Vancouver,Canada,40.0,M,wendyirwin@example.com,Standard
711,Lori Johns,raymondstacy@example.org,2020-03-26,Munich,Germany,63.0,M,raymondstacy@example.org,B
712,Steven Sandoval,blairabigail@example.net,2019-10-23,Sydney,Australia,59.0,M,blairabigail@example.net,B
713,Lori Perez,ashleysimmons@example.com,2021-02-03,Sydney,Australia,51.0,F,ashleysimmons@example.com,B
714,Erin Daniels,denisecarpenter@example.net,2022-05-06,Paris,France,50.0,F,denisecarpenter@example.net,VIP
715,Shari Parker,russellstout@example.org,2024-01-25,Melbourne,Australia,29.0,M,russellstout@example.org,A
716,Krystal Moore,grantstacy@example.org,2020-01-12,Chicago,USA,55.0,F,grantstacy@example.org,VIP
717,Ryan Thomas,cannonnicole@example.com,2022-03-07,Singapore,Singapore,70.0,M,cannonnicole@example.com,Standard
718,Elizabeth Reese,edwin31@example.org,2022-01-30,Sydney,Australia,34.0,F,edwin31@example.org,A
719,Phillip Salazar,catherine93@example.net,2021-09-24,Paris,France,38.0,F,catherine93@example.net,B
720,Michael Howard,manderson@example.com,2019-05-23,Paris,France,36.0,M,manderson@example.com,A
721,Jacqueline Christian,kwells@example.org,2022-04-11,Melbourne,Australia,52.0,,kwells@example.org,C
722,Jason Novak,stephanie33@example.org,2019-01-10,Chicago,USA,31.0,M,stephanie33@example.org,Standard
723,Timothy Duke,dwatts@example.org,2023-09-17,Vancouver,Canada,24.0,M,dwatts@example.org,Standard
724,Ricardo Franklin,zcortez@example.net,2021-01-04,Berlin,Germany,47.0,M,zcortez@example.net,VIP
725,Laura Herrera,meyershannon@example.org,2020-07-28,Mumbai,India,73.0,M,meyershannon@example.org,Standard
726,Danielle Medina,grantzachary@example.net,2023-01-29,Los Angeles,USA,,F,grantzachary@example.net,Standard
727,Cheryl Gonzales,kim47@example.org,2022-03-31,Paris,France,65.0,M,kim47@example.org,Standard
728,Louis Brown,stevenlucas@example.org,2024-01-05,Munich,Germany,46.0,F,stevenlucas@example.org,Standard
729,Ashley Osborne,phillipmorris@example.org,2023-05-01,Bangkok,Thailand,62.0,M,phillipmorris@example.org,A
730,Kevin Marquez,nicoledavis@example.com,2021-03-23,Los Angeles,USA,,,nicoledavis@example.com,Standard
731,Susan Hogan,davisjasmin@example.net,2022-11-02,Paris,France,64.0,F,davisjasmin@example.net,Standard
732,Joseph Cruz,nicholasjames@example.org,2022-09-12,Paris,France,63.0,F,nicholasjames@example.org,Standard
733,Krystal Keller,fernandothomas@example.net,2021-09-25,Singapore,Singapore,20.0,M,fernandothomas@example.net,Standard
734,Eric Cross,lroberts@example.org,2024-02-03,Munich,Germany,40.0,F,lroberts@example.org,B
735,Toni Smith,alexander77@example.net,2020-10-25,Sydney,Australia,61.0,F,alexander77@example.net,Standard
736,Lisa Snyder,briannaalvarez@example.com,2020-06-23,Melbourne,Australia,50.0,F,briannaalvarez@example.com,Standard
737,Kyle Smith,christine83@example.org,2022-08-31,Paris,France,49.0,F,christine83@example.org,Standard
738,Anthony Bailey,melissaestrada@example.net,2020-12-23,Manchester,UK,47.0,F,melissaestrada@example.net,Standard
739,Thomas Williams,kchaney@example.net,2019-10-12,Bangkok,Thailand,26.0,F,kchaney@example.net,A
739,Thomas Williams,kchaney@example.net,2019-10-12,Bangkok,Thailand,26.0,F,kchaney@example.net,Standard
740,Matthew Graves,tammycurry@example.com,2020-01-18,Chicago,USA,39.0,M,tammycurry@example.com,Standard
741,Anna Evans,priscilla16@example.net,2023-07-20,Manchester,UK,62.0,M,priscilla16@example.net,Standard
742,John Martinez,mark68@example.org,2019-11-27,Paris,France,69.0,F,mark68@example.org,Standard
743,Lisa Rodriguez,webbhaley@example.net,2019-11-26,Paris,France,56.0,F,webbhaley@example.net,Standard
744,Lee Stewart,sara99@example.com,2020-06-12,Chicago,USA,49.0,M,sara99@example.com,Standard
745,Lynn Vasquez,nicolehall@example.com,2023-12-05,New York,USA,21.0,M,nicolehall@example.com,Standard
746,April Johnson,mclaughlinjared@example.net,2019-12-16,Berlin,Germany,69.0,M,mclaughlinjared@example.net,Standard
747,Mrs. Felicia Castro DDS,davidsonhannah@example.com,2020-01-08,Singapore,Singapore,58.0,M,davidsonhannah@example.com,Standard
748,Elizabeth Hunter,katie15@example.com,2021-07-17,Bangkok,Thailand,53.0,F,katie15@example.com,VIP
749,Keith Choi,jamesbass@example.net,2020-02-19,New York,USA,71.0,M,jamesbass@example.net,C
750,John Johnson,timothyburton@example.net,2019-07-17,Paris,France,46.0,M,timothyburton@example.net,Standard
751,Julia Olsen,conleykevin@example.net,2021-10-27,Munich,Germany,21.0,M,conleykevin@example.net,Standard
752,Kristen Smith,lauren51@example.org,2019-01-03,Mumbai,India,43.0,F,lauren51@example.org,Standard
753,Andre Terrell,ashleyprice@example.net,2021-05-28,Munich,Germany,67.0,F,ashleyprice@example.net,Standard
754,Richard Parker,jennifer46@example.org,2023-02-27,Singapore,Singapore,22.0,M,jennifer46@example.org,Standard
755,David Hayes DVM,aliciathompson@example.com,2023-10-26,Bangkok,Thailand,34.0,F,aliciathompson@example.com,A
756,Paula Gentry,zhunter@example.com,2022-12-23,New York,USA,52.0,F,zhunter@example.com,C
757,Brittany Peterson,hoconnor@example.com,2022-11-09,Toronto,Canada,42.0,M,hoconnor@example.com,B
758,Briana Wiggins,jamiejohnson@example.com,2020-06-19,Vancouver,Canada,43.0,,jamiejohnson@example.com,C
759,Kelly Smith,mcdanielbrooke@example.org,2023-03-27,Manchester,UK,42.0,F,mcdanielbrooke@example.org,B
760,Stephen Garcia,andrew43@example.com,2022-02-10,Munich,Germany,32.0,M,andrew43@example.com,B
761,Dustin Patel,rlambert@example.org,2023-02-15,Manchester,UK,70.0,F,rlambert@example.org,Standard
762,Brian Mullen,clarkmichael@example.com,2022-12-03,Singapore,Singapore,22.0,F,clarkmichael@example.com,A
762,Brian Mullen,clarkmichael@example.com,2022-12-03,Singapore,Singapore,22.0,F,clarkmichael@example.com,B
763,Tony Brock,georgecollins@example.com,2022-06-11,Munich,Germany,26.0,M,georgecollins@example.com,Standard
764,Amber Johnson,rodriguezbrian@example.com,2019-10-25,Mumbai,India,75.0,F,rodriguezbrian@example.com,Standard
765,Michael Vance,tjensen@example.com,2019-06-13,London,UK,18.0,F,tjensen@example.com,Standard
766,Michelle Lambert,beltrankatelyn@example.com,2021-12-03,Sydney,Australia,61.0,M,beltrankatelyn@example.com,Standard
767,Anna Lang,tdavis@example.net,2022-08-04,Chicago,USA,,Other,tdavis@example.net,Standard
768,Pamela Ruiz,douglashuang@example.com,2020-08-08,Munich,Germany,18.0,M,douglashuang@example.com,Standard
769,Jenna Lyons,kristina57@example.com,2019-12-14,,France,39.0,F,kristina57@example.com,Standard
770,John Bell,ssingleton@example.com,2023-05-16,Vancouver,Canada,38.0,F,ssingleton@example.com,C
771,Bethany Garcia,nguyendebra@example.com,2023-02-18,New York,USA,74.0,M,nguyendebra@example.com,B
772,Jennifer Gutierrez,amydickson@example.com,2022-04-08,Bangkok,Thailand,38.0,M,amydickson@example.com,A
773,Daniel Benson,bmueller@example.net,2021-07-20,Toronto,Canada,,M,bmueller@example.net,A
774,Kimberly Young,stevensonjennifer@example.com,2019-05-29,Munich,Germany,34.0,M,stevensonjennifer@example.com,Standard
775,Kyle Nguyen,shortgregory@example.com,2023-11-30,Vancouver,Canada,68.0,F,shortgregory@example.com,A
776,Brian Cervantes,pmurphy@example.net,2022-02-27,Manchester,UK,65.0,M,pmurphy@example.net,Standard
777,Daniel Taylor,shermandonna@example.com,2021-08-01,Sydney,Australia,,F,shermandonna@example.com,C
778,Jean Lane,jamierich@example.com,2023-06-04,Sydney,Australia,59.0,F,jamierich@example.com,Standard
779,Susan Torres,wrobbins@example.org,2021-11-23,London,UK,16.0,F,wrobbins@example.org,Standard
780,Lisa Dixon,melissabrown@example.net,2022-10-11,Manchester,UK,20.0,F,melissabrown@example.net,B
781,April Castro,daniel40@example.org,2024-01-06,Toronto,Canada,33.0,Other,daniel40@example.org,Standard
782,Kevin Garrett,bsullivan@example.net,2021-10-18,Toronto,Canada,31.0,F,bsullivan@example.net,Standard
783,Christopher Taylor,xbridges@example.com,2023-09-06,Toronto,Canada,69.0,F,xbridges@example.com,Standard
784,Zachary Santiago,alexanderwong@example.org,2019-06-10,Bangkok,Thailand,,,alexanderwong@example.org,Standard
785,Katelyn Kim,christophermay@example.com,2021-09-14,Mumbai,India,55.0,M,christophermay@example.com,B
785,Katelyn Kim,christophermay@example.com,2021-09-14,Mumbai,India,55.0,M,christophermay@example.com,Standard
786,Stephanie Dominguez,dhanson@example.net,2023-11-15,Paris,France,47.0,M,dhanson@example.net,VIP
787,Robert Cruz,jacobjacobs@example.net,2020-03-30,Manchester,UK,,M,jacobjacobs@example.net,C
788,Dr. Michael Adams DVM,arthur09@example.com,2019-03-08,Munich,Germany,38.0,F,arthur09@example.com,Standard
789,Ashley Olson,thomasjessica@example.com,2022-12-01,,USA,45.0,M,thomasjessica@example.com,Standard
790,Blake Wu,sanchezcrystal@example.net,2022-04-04,Manchester,UK,36.0,F,sanchezcrystal@example.net,B
791,Angela Schultz,chloe58@example.org,2020-04-30,Vancouver,Canada,46.0,F,chloe58@example.org,Standard
792,Jose Harrison,robert44@example.org,2020-03-07,Manchester,UK,60.0,F,robert44@example.org,B
793,Thomas Curry,bryan79@example.org,2020-01-04,Berlin,Germany,24.0,M,bryan79@example.org,A
794,Mary Carter,mitchellchristopher@example.net,2020-07-06,Melbourne,Australia,51.0,F,mitchellchristopher@example.net,Standard
795,Richard King,joshua40@example.net,2019-11-03,Melbourne,Australia,,F,joshua40@example.net,A
796,Christopher Vargas,donnawood@example.org,2023-10-06,Bangkok,Thailand,49.0,M,donnawood@example.org,Standard
797,Michael Washington,cooperchristopher@example.org,2022-02-25,Vancouver,Canada,19.0,F,cooperchristopher@example.org,Standard
798,Samantha Monroe,ptownsend@example.net,2020-06-04,Mumbai,India,69.0,F,ptownsend@example.net,Standard
799,Mark Clark,brian41@example.org,2021-01-07,London,UK,51.0,F,brian41@example.org,VIP
800,James Turner,noahthornton@example.com,2020-12-20,Los Angeles,USA,28.0,M,noahthornton@example.com,VIP
801,Joseph Graham,sara76@example.net,2020-08-05,Singapore,Singapore,36.0,M,sara76@example.net,Standard
802,Joseph Blanchard,hardindana@example.com,2019-06-10,Bangkok,Thailand,55.0,F,hardindana@example.com,Standard
803,Marissa Nelson,joseph14@example.net,2022-08-04,Chicago,USA,42.0,M,joseph14@example.net,Standard
804,Julia Leonard,jessicachapman@example.org,2019-06-12,Los Angeles,USA,37.0,F,jessicachapman@example.org,Standard
805,Megan Kaiser,amy01@example.org,2022-05-24,Vancouver,Canada,41.0,M,amy01@example.org,Standard
806,Joseph Jennings,jeffrey44@example.org,2023-03-12,London,UK,49.0,F,jeffrey44@example.org,C
807,Manuel Brown,stephanielittle@example.net,2019-09-14,New York,USA,58.0,M,stephanielittle@example.net,Standard
808,Angelica Jacobs,pdouglas@example.net,2019-12-08,Toronto,Canada,22.0,M,pdouglas@example.net,Standard
809,Cathy Rodriguez,jonowens@example.org,2019-02-23,New York,USA,49.0,F,jonowens@example.org,Standard
810,Tammy Hill,qschwartz@example.com,2019-06-22,Chicago,USA,75.0,F,qschwartz@example.com,Standard
811,Richard Ramirez,reyesmarvin@example.org,2021-06-26,Vancouver,Canada,24.0,F,reyesmarvin@example.org,Standard
812,Robert Thompson,vasquezsarah@example.net,2020-12-31,Sydney,Australia,71.0,M,vasquezsarah@example.net,Standard
813,Matthew Rodriguez,probinson@example.org,2022-01-28,Vancouver,Canada,24.0,F,probinson@example.org,Standard
814,Michelle Garcia,jonesjessica@example.com,2021-07-24,Paris,France,63.0,M,jonesjessica@example.com,A
815,Jonathan Delgado,fitzpatrickelizabeth@example.com,2021-12-29,Sydney,Australia,74.0,M,fitzpatrickelizabeth@example.com,VIP
816,Gary Myers,robertsonshelby@example.com,2020-09-22,Berlin,Germany,42.0,F,robertsonshelby@example.com,C
817,Jared Luna,fernandezaaron@example.net,2023-04-02,Mumbai,India,38.0,M,fernandezaaron@example.net,VIP
818,Karen Bradley,mathew46@example.org,2024-04-23,Berlin,Germany,,F,mathew46@example.org,A
818,Karen Bradley,mathew46@example.org,2024-04-23,Berlin,Germany,,F,mathew46@example.org,VIP
819,Tina Davis,christopher74@example.net,2023-06-20,Toronto,Canada,51.0,M,christopher74@example.net,A
820,Julian Ponce,kentprice@example.org,2020-05-26,Manchester,UK,61.0,F,kentprice@example.org,A
820,Julian Ponce,kentprice@example.org,2020-05-26,Manchester,UK,61.0,F,kentprice@example.org,B
821,Heather Miller,imoss@example.org,2019-06-12,Vancouver,Canada,56.0,M,imoss@example.org,Standard
822,Nathan Watkins,yprice@example.net,2022-11-22,Singapore,Singapore,34.0,F,yprice@example.net,B
823,Kathryn Hanna,blevy@example.org,2023-10-14,Toronto,Canada,27.0,F,blevy@example.org,Standard
824,George Le,zwilson@example.net,2020-07-11,,Germany,47.0,F,zwilson@example.net,VIP
825,Judy Gregory,joycehall@example.org,2019-02-15,Munich,Germany,22.0,F,joycehall@example.org,C
826,Charles Valdez,nmeadows@example.org,2020-04-21,New York,USA,,F,nmeadows@example.org,Standard
827,Matthew Smith,conwaylori@example.org,2023-06-26,Singapore,Singapore,39.0,F,conwaylori@example.org,VIP
828,Christopher Garza,wilsonbrooke@example.net,2023-03-18,Mumbai,India,19.0,M,wilsonbrooke@example.net,A
829,Robert Simmons,rnguyen@example.net,2020-01-29,,USA,68.0,,rnguyen@example.net,Standard
830,Erica Oconnell,kathrynwatkins@example.com,2020-05-24,Melbourne,Australia,65.0,,kathrynwatkins@example.com,Standard
831,Donald Todd,heathertran@example.com,2021-08-01,Toronto,Canada,49.0,F,heathertran@example.com,B
832,Kevin Anderson,bstrickland@example.com,2024-04-01,Vancouver,Canada,26.0,Other,bstrickland@example.com,A
833,Adam Howe,robert72@example.org,2019-09-08,Munich,Germany,46.0,M,robert72@example.org,Standard
834,Devin Cole,sharonbishop@example.org,2022-09-27,Mumbai,India,23.0,F,sharonbishop@example.org,Standard
835,Michelle Salazar,burtonkimberly@example.com,2020-07-19,Singapore,Singapore,23.0,,burtonkimberly@example.com,Standard
836,Justin Lee,montgomerymichelle@example.net,2023-05-24,Paris,France,60.0,F,montgomerymichelle@example.net,VIP
837,Julie Sims,joshualee@example.org,2021-10-20,Chicago,USA,59.0,,joshualee@example.org,Standard
838,Tracy Wells,ernestlivingston@example.org,2019-05-03,Sydney,Australia,38.0,M,ernestlivingston@example.org,Standard
839,Dominique Hamilton,christina70@example.org,2021-09-26,Chicago,USA,36.0,M,christina70@example.org,Standard
840,Tammy Thompson,washingtondarren@example.org,2024-01-01,Singapore,Singapore,62.0,F,washingtondarren@example.org,Standard
841,Leslie Nguyen,julievillanueva@example.org,2020-05-28,Chicago,USA,47.0,M,julievillanueva@example.org,VIP
842,Erika Garcia,ykane@example.org,2020-01-24,Berlin,Germany,27.0,M,ykane@example.org,A
843,Kevin Brown,nthomas@example.com,2023-08-30,Mumbai,India,74.0,M,nthomas@example.com,Standard
844,James Ellis,crystalcantrell@example.org,2020-08-28,,Germany,50.0,M,crystalcantrell@example.org,C
845,Andrew Carroll,derek77@example.com,2023-02-11,Manchester,UK,,M,derek77@example.com,C
846,Greg Tanner,kristinelittle@example.net,2020-10-18,Toronto,Canada,58.0,F,kristinelittle@example.net,Standard
847,Laura Tran,christophervincent@example.com,2021-10-15,Sydney,Australia,25.0,M,christophervincent@example.com,Standard
848,Cindy Wells,uramirez@example.com,2019-07-17,Los Angeles,USA,58.0,F,uramirez@example.com,B
849,Danielle Murphy,patriciavargas@example.org,2019-03-06,Mumbai,India,22.0,M,patriciavargas@example.org,C
850,Stephanie Butler,williamsthomas@example.net,2021-03-06,Mumbai,India,47.0,F,williamsthomas@example.net,A
851,Joseph Mendoza,chavezjohn@example.net,2020-03-28,London,UK,61.0,F,chavezjohn@example.net,B
852,Melissa Russell,davidphillips@example.net,2024-03-16,Berlin,Germany,45.0,M,davidphillips@example.net,Standard
853,Mrs. Maureen Martin DDS,braysteven@example.org,2021-05-01,Bangkok,Thailand,66.0,F,braysteven@example.org,Standard
854,Jennifer Clarke,courtney01@example.com,2023-02-12,New York,USA,69.0,,courtney01@example.com,Standard
855,Faith Johnson,smullins@example.net,2019-07-27,Los Angeles,USA,50.0,M,smullins@example.net,Standard
856,Rebecca French,olivermatthew@example.org,2022-07-04,Paris,France,51.0,F,olivermatthew@example.org,A
857,Susan Cox,rodriguezmichael@example.net,2022-03-26,Sydney,Australia,59.0,M,rodriguezmichael@example.net,B
858,Jacob Wong,castrokim@example.org,2023-06-11,Chicago,USA,51.0,F,castrokim@example.org,Standard
859,Mrs. Ashley Mendoza,karenhodges@example.com,2021-06-26,Paris,France,73.0,F,karenhodges@example.com,C
860,Derek Frazier,brian55@example.com,2021-04-24,London,UK,43.0,F,brian55@example.com,Standard
861,Mr. Bryan Mckinney,shannon51@example.org,2020-03-14,Munich,Germany,65.0,F,shannon51@example.org,C
862,Judith Miller,keithfrye@example.org,2021-07-05,Berlin,Germany,16.0,M,keithfrye@example.org,Standard
863,Brian Hernandez,nancymeyer@example.net,2019-10-04,Munich,Germany,16.0,M,nancymeyer@example.net,Standard
864,Jason Fleming,thomasfisher@example.net,2023-04-30,New York,USA,74.0,Other,thomasfisher@example.net,Standard
865,Dorothy Brown,marystone@example.com,2019-07-13,Chicago,USA,45.0,F,marystone@example.com,VIP
866,Grant Lucas,todd88@example.com,2020-05-26,Paris,France,32.0,F,todd88@example.com,A
867,Keith Villanueva,george43@example.com,2020-03-21,Bangkok,Thailand,62.0,M,george43@example.com,Standard
868,Dwayne Bruce,michaelbryant@example.org,2022-11-13,Bangkok,Thailand,68.0,F,michaelbryant@example.org,Standard
869,Caitlyn Nichols,teresafranco@example.net,2023-07-14,Melbourne,Australia,40.0,M,teresafranco@example.net,Standard
870,Rebecca Martin,williamsleslie@example.org,2023-12-07,London,UK,42.0,M,williamsleslie@example.org,Standard
871,Jacob Harris,wadetiffany@example.org,2022-08-29,Melbourne,Australia,,F,wadetiffany@example.org,Standard
872,Joshua Martin,david06@example.com,2021-12-09,Vancouver,Canada,36.0,M,david06@example.com,Standard
873,Theresa Reilly,adamrodgers@example.net,2019-11-10,Toronto,Canada,59.0,F,adamrodgers@example.net,B
874,Michael Wells,tara92@example.net,2022-03-24,Paris,France,21.0,F,tara92@example.net,C
875,Tammy Morgan,dennisrachel@example.org,2020-11-19,Chicago,USA,46.0,F,dennisrachel@example.org,Standard
876,Audrey Johnson,seandavis@example.org,2021-03-27,Los Angeles,USA,43.0,F,seandavis@example.org,Standard
877,Christie Fox,james18@example.com,2020-02-10,Munich,Germany,41.0,M,james18@example.com,VIP
878,Tina Daugherty,ulee@example.net,2021-12-09,Melbourne,Australia,31.0,F,ulee@example.net,Standard
879,Terri Kerr,raymond65@example.com,2022-03-25,Bangkok,Thailand,23.0,F,raymond65@example.com,Standard
880,Dustin Bell,fsawyer@example.org,2020-12-06,London,UK,,,fsawyer@example.org,C
881,Jill Riddle,achandler@example.org,2023-08-10,Paris,France,55.0,M,achandler@example.org,Standard
882,Linda Thomas,thomas85@example.org,2022-11-04,Toronto,Canada,25.0,F,thomas85@example.org,Standard
883,Leslie Bennett,ortizrobin@example.com,2020-05-12,New York,USA,75.0,F,ortizrobin@example.com,A
884,Joel Bradley,jamescollier@example.com,2022-11-21,,UK,35.0,F,jamescollier@example.com,Standard
885,Amanda Mckenzie,troy73@example.org,2020-03-09,Munich,Germany,50.0,M,troy73@example.org,A
886,Brittany Evans,qmartinez@example.com,2019-10-17,Melbourne,Australia,40.0,F,qmartinez@example.com,Standard
887,John Watts,anthonyhubbard@example.com,2019-05-04,Chicago,USA,28.0,F,anthonyhubbard@example.com,Standard
888,Andrea Reese DDS,ooneill@example.net,2024-04-19,Sydney,Australia,20.0,M,ooneill@example.net,Standard
889,Michael Wilson,brucefrancisco@example.org,2021-01-07,Sydney,Australia,17.0,F,brucefrancisco@example.org,VIP
890,Joel Steele,frank45@example.com,2021-11-07,Manchester,UK,73.0,M,frank45@example.com,Standard
891,Tina Williams,alyssa18@example.org,2020-02-12,Chicago,USA,45.0,F,alyssa18@example.org,A
892,Catherine Davis,amybrennan@example.net,2021-12-20,Bangkok,Thailand,37.0,F,amybrennan@example.net,B
893,Denise Wolfe,cody95@example.org,2020-12-21,Sydney,Australia,56.0,,cody95@example.org,Standard
894,Joseph Watson,kjenkins@example.org,2023-07-21,Vancouver,Canada,56.0,,kjenkins@example.org,Standard
895,Jonathan Decker,butlersabrina@example.org,2024-04-17,New York,USA,33.0,F,butlersabrina@example.org,Standard
896,Tammy Mendoza,hannah27@example.net,2019-06-29,Chicago,USA,49.0,M,hannah27@example.net,B
897,Tracy Jackson,anthony13@example.org,2021-05-04,Toronto,Canada,52.0,M,anthony13@example.org,Standard
898,Brenda Perez,jasonzavala@example.com,2021-07-08,London,UK,24.0,M,jasonzavala@example.com,Standard
899,Rachel Jones,ctodd@example.org,2020-02-19,Singapore,Singapore,35.0,M,ctodd@example.org,Standard
900,Ricky Palmer,harrisonrebekah@example.org,2024-02-05,Manchester,UK,57.0,F,harrisonrebekah@example.org,Standard
901,Michael Webster,morajamie@example.org,2021-12-27,Munich,Germany,27.0,M,morajamie@example.org,VIP
902,Gregory Davis,stacy55@example.org,2020-10-14,Singapore,Singapore,42.0,M,stacy55@example.org,Standard
903,Phyllis Austin,garciabelinda@example.org,2024-03-26,Sydney,Australia,25.0,F,garciabelinda@example.org,Standard
904,Michelle Brandt,rachelmedina@example.net,2022-06-07,Singapore,Singapore,33.0,M,rachelmedina@example.net,Standard
905,Daniel Gordon,lrichardson@example.org,2022-11-08,Toronto,Canada,38.0,F,lrichardson@example.org,C
906,Tyler White,tina63@example.net,2022-05-23,Mumbai,India,61.0,F,tina63@example.net,Standard
907,Brian Rollins,owensapril@example.com,2019-10-09,Berlin,Germany,28.0,,owensapril@example.com,Standard
908,Michele Hawkins,millertristan@example.com,2020-07-06,Bangkok,Thailand,30.0,M,millertristan@example.com,C
909,Kyle Collins,aperez@example.com,2019-12-29,Los Angeles,USA,71.0,M,aperez@example.com,B
910,Mrs. Shannon Jacobson,xcrosby@example.org,2020-05-20,Bangkok,Thailand,41.0,M,xcrosby@example.org,C
911,Michael Powers,qkim@example.net,2020-10-02,Melbourne,Australia,55.0,M,qkim@example.net,Standard
912,Charles Morales,figueroapatricia@example.org,2023-11-29,Sydney,Australia,49.0,M,figueroapatricia@example.org,B
913,William Morgan,bmartinez@example.net,2020-05-18,Bangkok,Thailand,50.0,M,bmartinez@example.net,C
914,Dr. Ralph Wheeler DDS,qkelly@example.net,2023-04-17,Munich,Germany,19.0,M,qkelly@example.net,Standard
915,Victoria Dixon,katrinarodriguez@example.com,2023-08-22,Singapore,Singapore,45.0,M,katrinarodriguez@example.com,B
916,David Dunlap Jr.,greertyrone@example.org,2021-11-24,Melbourne,Australia,45.0,M,greertyrone@example.org,Standard
917,Janet Shelton,kevinhanson@example.org,2020-01-04,Los Angeles,USA,73.0,F,kevinhanson@example.org,Standard
918,Kelly Vasquez,qharris@example.com,2019-02-21,Berlin,Germany,45.0,F,qharris@example.com,Standard
919,Dennis Cooper PhD,cisnerosanthony@example.com,2019-07-04,Berlin,Germany,36.0,M,cisnerosanthony@example.com,Standard
920,Barbara Cole,cramos@example.org,2023-02-10,Melbourne,Australia,21.0,F,cramos@example.org,Standard
921,Matthew Chan,travistaylor@example.net,2022-12-19,Munich,Germany,62.0,Other,travistaylor@example.net,Standard
922,Phillip Carroll,rkeller@example.net,2022-02-01,Manchester,UK,18.0,M,rkeller@example.net,Standard
923,Karen Dickerson,myerstroy@example.com,2023-11-02,Sydney,Australia,26.0,M,myerstroy@example.com,Standard
924,Heather Levine,bryan90@example.org,2020-09-22,Manchester,UK,62.0,M,bryan90@example.org,C
925,Hannah Harmon,hubbardcolleen@example.com,2024-01-15,Los Angeles,USA,,F,hubbardcolleen@example.com,Standard
926,Gregory Howard,brian33@example.org,2023-10-18,Berlin,Germany,50.0,M,brian33@example.org,Standard
927,Leslie Lozano,meltondanny@example.org,2022-04-20,Toronto,Canada,45.0,M,meltondanny@example.org,Standard
928,Gabriel Murray,abradley@example.com,2023-12-12,Toronto,Canada,33.0,M,abradley@example.com,Standard
929,John Johnson,nicholas65@example.net,2020-01-14,New York,USA,19.0,M,nicholas65@example.net,B
930,John Vazquez,matthewshaw@example.net,2022-03-29,Sydney,Australia,35.0,F,matthewshaw@example.net,Standard
931,Lucas Cox,karlwilliams@example.net,2019-11-27,Chicago,USA,55.0,M,karlwilliams@example.net,C
932,Darrell Newton,robbinsbelinda@example.net,2019-12-30,Munich,Germany,63.0,F,robbinsbelinda@example.net,Standard
933,Austin Solis,wsimmons@example.org,2020-10-23,Vancouver,Canada,73.0,F,wsimmons@example.org,Standard
934,Elizabeth Brock,ualvarado@example.org,2019-05-13,Munich,Germany,46.0,F,ualvarado@example.org,VIP
935,David Robertson,nicoleburton@example.net,2021-04-27,Munich,Germany,29.0,F,nicoleburton@example.net,A
936,Laura Lewis,oadams@example.net,2024-06-28,Melbourne,Australia,49.0,M,oadams@example.net,VIP
936,Laura Lewis,oadams@example.net,2024-06-28,Melbourne,Australia,49.0,M,oadams@example.net,Standard
937,Sarah Meadows,boydmichael@example.org,2023-06-03,Bangkok,Thailand,43.0,M,boydmichael@example.org,VIP
938,Paul Cannon,ejenkins@example.net,2020-12-25,Paris,France,55.0,M,ejenkins@example.net,Standard
939,Jason Colon,jonathanburke@example.com,2023-07-13,Berlin,Germany,72.0,,jonathanburke@example.com,Standard
940,Chris Johnson,steven86@example.com,2019-08-31,New York,USA,45.0,M,steven86@example.com,A
941,Amanda Moore,anthonyclarke@example.com,2022-06-14,Singapore,Singapore,,M,anthonyclarke@example.com,Standard
942,Casey Phelps,dcasey@example.org,2019-01-24,Toronto,Canada,28.0,F,dcasey@example.org,Standard
943,Edward Brown,qmosley@example.net,2021-11-03,Vancouver,Canada,36.0,F,qmosley@example.net,Standard
944,Jennifer Larsen,joelduncan@example.net,2023-01-23,Manchester,UK,55.0,F,joelduncan@example.net,Standard
945,Kelly Calderon,tyler13@example.net,2020-11-23,Mumbai,India,74.0,F,tyler13@example.net,Standard
946,Robert Murphy,vshaffer@example.org,2022-07-08,Chicago,USA,73.0,M,vshaffer@example.org,Standard
947,Claudia Rodriguez,taragonzales@example.com,2021-04-27,Mumbai,India,69.0,M,taragonzales@example.com,C
948,Amy Ferguson,stewartrodney@example.net,2022-01-02,Munich,Germany,29.0,M,stewartrodney@example.net,B
949,Donald Mueller,michaelbaldwin@example.com,2020-12-25,Singapore,Singapore,25.0,,michaelbaldwin@example.com,Standard
950,Walter Obrien,vazquezkristina@example.org,2021-12-30,Sydney,Australia,52.0,F,vazquezkristina@example.org,Standard
951,James Fowler,rebecca18@example.org,2023-03-20,Singapore,Singapore,61.0,F,rebecca18@example.org,Standard
952,Jasmine Browning,qpennington@example.com,2021-10-14,Los Angeles,USA,39.0,F,qpennington@example.com,VIP
953,Rodney Young,michelemartin@example.com,2019-12-25,Vancouver,Canada,39.0,M,michelemartin@example.com,Standard
954,Sherry Wang,rmccormick@example.org,2021-11-02,Berlin,Germany,67.0,F,rmccormick@example.org,C
955,Teresa Ruiz,vhouse@example.net,2021-09-17,Bangkok,Thailand,35.0,M,vhouse@example.net,Standard
956,Thomas Garcia,hollyhunter@example.com,2024-04-05,Mumbai,India,59.0,F,hollyhunter@example.com,Standard
957,Nicholas Kelley,shawn00@example.net,2023-01-01,Manchester,UK,,M,shawn00@example.net,B
958,Lorraine Gibbs,aarongonzalez@example.com,2023-11-21,Paris,France,37.0,M,aarongonzalez@example.com,VIP
959,Bradley Moore,melaniejennings@example.com,2023-03-07,Sydney,Australia,17.0,M,melaniejennings@example.com,Standard
960,Shane Anderson,graceserrano@example.com,2020-02-15,London,UK,34.0,F,graceserrano@example.com,Standard
961,Jason White,kduffy@example.org,2020-07-12,,USA,26.0,M,kduffy@example.org,Standard
962,Alexander Hansen,rebeccamccann@example.org,2019-07-29,Munich,Germany,50.0,F,rebeccamccann@example.org,Standard
963,Samuel Williams,jburke@example.org,2023-07-05,Melbourne,Australia,52.0,M,jburke@example.org,A
964,Carolyn Bradley,higginsryan@example.com,2022-01-12,London,UK,19.0,M,higginsryan@example.com,VIP
965,Kathleen Walker,jamesatkins@example.com,2021-02-24,Los Angeles,USA,21.0,M,jamesatkins@example.com,Standard
966,Johnny Anderson,carolcarney@example.com,2022-07-13,Paris,France,55.0,F,carolcarney@example.com,Standard
967,Chelsey White,anthonycherry@example.org,2022-10-05,Singapore,Singapore,21.0,M,anthonycherry@example.org,Standard
968,Susan Wood,emiller@example.org,2019-07-10,Chicago,USA,22.0,M,emiller@example.org,Standard
969,Valerie Sanders,jennifererickson@example.net,2021-08-21,Berlin,Germany,30.0,F,jennifererickson@example.net,Standard
970,Angel Hawkins,cookjimmy@example.com,2021-03-13,London,UK,60.0,M,cookjimmy@example.com,Standard
971,Teresa Coffey DDS,smithwilliam@example.com,2021-07-17,London,UK,17.0,M,smithwilliam@example.com,B
972,James Wood,carpenterjorge@example.net,2019-12-16,Mumbai,India,65.0,M,carpenterjorge@example.net,C
973,Gerald Mcdonald Jr.,hthomas@example.com,2023-08-02,Manchester,UK,36.0,F,hthomas@example.com,Standard
974,Carl Savage,julie64@example.com,2021-03-31,Berlin,Germany,42.0,F,julie64@example.com,Standard
975,Pam Baker,ryan25@example.net,2021-02-25,Berlin,Germany,37.0,F,ryan25@example.net,VIP
976,Pamela Hernandez DVM,jbrown@example.org,2022-03-07,Manchester,UK,50.0,M,jbrown@example.org,Standard
977,Andrew Green,fgraham@example.org,2024-03-21,Melbourne,Australia,69.0,M,fgraham@example.org,Standard
978,William Hoffman,uvasquez@example.org,2019-07-19,Munich,Germany,27.0,M,uvasquez@example.org,A
979,Brandon Oneill,marybrady@example.com,2023-07-26,Sydney,Australia,65.0,M,marybrady@example.com,Standard
980,Mary Lewis,foxashley@example.com,2019-07-05,New York,USA,68.0,M,foxashley@example.com,C
981,Danielle Jimenez,clayanthony@example.net,2019-01-01,Singapore,Singapore,58.0,F,clayanthony@example.net,Standard
982,Mrs. Jacqueline Hickman,hooderic@example.org,2021-07-04,Paris,France,29.0,M,hooderic@example.org,Standard
983,Michael Castillo,brooke05@example.org,2022-10-23,Bangkok,Thailand,74.0,,brooke05@example.org,A
984,Tiffany Nguyen,jasonwilliams@example.net,2019-07-02,London,UK,16.0,M,jasonwilliams@example.net,Standard
985,Robert Manning,tammyglenn@example.org,2020-08-25,Mumbai,India,39.0,F,tammyglenn@example.org,Standard
986,Daniel Price,wmitchell@example.net,2023-08-08,Munich,Germany,23.0,F,wmitchell@example.net,Standard
987,Edwin Owen,rebecca92@example.com,2022-04-23,Melbourne,Australia,56.0,F,rebecca92@example.com,Standard
988,Sandra Hunt,ygriffin@example.com,2020-03-08,Munich,Germany,46.0,M,ygriffin@example.com,Standard
989,Kyle Davis,nshepherd@example.org,2023-09-17,London,UK,25.0,F,nshepherd@example.org,A
990,Jeffery Williams,teresa32@example.com,2019-05-27,New York,USA,17.0,M,teresa32@example.com,Standard
991,Maria Miller,zkim@example.com,2019-06-23,Chicago,USA,57.0,M,zkim@example.com,Standard
992,William Sutton,mckenzie86@example.com,2022-05-22,Melbourne,Australia,55.0,M,mckenzie86@example.com,Standard
993,Kristen Lowery,dixonrobert@example.com,2021-02-26,Berlin,Germany,30.0,M,dixonrobert@example.com,B
994,Laura King,brenda80@example.org,2023-02-05,Mumbai,India,61.0,M,brenda80@example.org,Standard
995,Julie Hartman,awilliams@example.net,2019-03-10,London,UK,52.0,M,awilliams@example.net,Standard
996,Kevin Gibson,qhanson@example.com,2019-06-13,Melbourne,Australia,62.0,,qhanson@example.com,Standard
997,Shelby Lopez,christianhendrix@example.com,2020-07-26,Singapore,Singapore,49.0,F,christianhendrix@example.com,VIP
998,Ashley Ferguson,fosteralexander@example.net,2022-07-15,Berlin,Germany,59.0,F,fosteralexander@example.net,Standard
999,Michael Melton,nturner@example.com,2024-01-25,New York,USA,50.0,M,nturner@example.com,Standard
1000,Tracey Leonard,christopher20@example.org,2022-03-21,Berlin,Germany,42.0,F,christopher20@example.org,Standard
1001,Alan Waller,clarkdeborah@example.net,2019-03-14,Chicago,USA,63.0,F,clarkdeborah@example.net,Standard
1002,Ryan Garrison,christophercarrillo@example.org,2021-08-27,Sydney,Australia,26.0,F,christophercarrillo@example.org,A
1003,Alex Martin,joannewallace@example.com,2022-07-02,Melbourne,Australia,34.0,F,joannewallace@example.com,Standard
1004,Scott Richards,kennethgallegos@example.com,2020-07-23,Singapore,Singapore,24.0,F,kennethgallegos@example.com,Standard
1005,Adam Mccoy,fpetty@example.net,2019-08-17,Melbourne,Australia,27.0,M,fpetty@example.net,A
1006,Monique Duarte,freemantodd@example.net,2023-07-13,London,UK,32.0,F,freemantodd@example.net,VIP
1007,Taylor Stein,dhall@example.net,2023-11-01,Munich,Germany,37.0,M,dhall@example.net,VIP
1008,Kenneth Tran,patricia67@example.org,2019-11-12,Mumbai,India,64.0,F,patricia67@example.org,Standard
1009,Todd Reed DDS,martinjessica@example.com,2023-01-26,Berlin,Germany,26.0,F,martinjessica@example.com,Standard
1010,David Robinson,sandra72@example.com,2020-06-25,Sydney,Australia,19.0,F,sandra72@example.com,C
1011,Jeanette Butler,laura29@example.org,2024-04-26,Melbourne,Australia,30.0,M,laura29@example.org,VIP
1012,Paul Estrada,glenmoore@example.com,2021-12-22,Chicago,USA,16.0,F,glenmoore@example.com,Standard
1013,Jason Chaney,jimmy80@example.org,2024-05-23,London,UK,59.0,M,jimmy80@example.org,C
1014,Dean Rhodes,mariakline@example.org,2024-05-12,London,UK,55.0,F,mariakline@example.org,Standard
1015,Gail Wilson,davidwalker@example.com,2023-07-02,Vancouver,Canada,32.0,M,davidwalker@example.com,C
1016,Rachel Hammond PhD,paula89@example.net,2020-05-10,Melbourne,Australia,65.0,M,paula89@example.net,Standard
1017,Anthony Shah,westes@example.org,2020-10-03,Chicago,USA,16.0,F,westes@example.org,B
1018,Rachael Lynch,colonbobby@example.org,2021-12-11,Los Angeles,USA,59.0,F,colonbobby@example.org,B
1019,Bruce Harris,eric47@example.net,2019-03-11,Toronto,Canada,55.0,M,eric47@example.net,Standard
1020,Dr. Christian Cox PhD,allisonscott@example.com,2020-03-20,Mumbai,India,56.0,F,allisonscott@example.com,Standard
1021,Adriana Davenport,gpeterson@example.org,2019-09-24,Paris,France,58.0,M,gpeterson@example.org,Standard
1022,Jaime Fischer,crystal32@example.net,2024-01-10,Chicago,USA,60.0,M,crystal32@example.net,C
1022,Jaime Fischer,crystal32@example.net,2024-01-10,Chicago,USA,60.0,M,crystal32@example.net,A
1023,Darren Pham,dhardin@example.net,2022-08-01,Los Angeles,USA,75.0,M,dhardin@example.net,C
1024,Heidi Johnson,kaylarobbins@example.net,2023-04-26,Sydney,Australia,32.0,M,kaylarobbins@example.net,Standard
1025,Angela Edwards,ryanlong@example.org,2021-03-06,Manchester,UK,19.0,F,ryanlong@example.org,B
1026,Margaret Orr,levinetina@example.net,2021-10-04,Los Angeles,USA,55.0,F,levinetina@example.net,A
1027,Valerie Barnes,jennifer55@example.org,2023-04-24,Munich,Germany,29.0,F,jennifer55@example.org,B
1028,Stephanie Bishop,isabellagriffin@example.org,2019-07-31,Vancouver,Canada,20.0,M,isabellagriffin@example.org,VIP
1029,Lori Montgomery,zterry@example.net,2024-01-11,,USA,25.0,F,zterry@example.net,Standard
1030,Craig Turner,medinapeter@example.net,2020-06-29,Manchester,UK,60.0,F,medinapeter@example.net,Standard
1031,Beth Braun,jason88@example.com,2024-04-08,Melbourne,Australia,46.0,M,jason88@example.com,Standard
1032,Nicole Moore,zamoraamber@example.com,2019-05-24,Singapore,Singapore,,M,zamoraamber@example.com,VIP
1033,Raymond Barber,dennismckenzie@example.com,2019-09-06,Berlin,Germany,50.0,M,dennismckenzie@example.com,Standard
1034,Heather Williams,westashley@example.org,2019-04-24,Manchester,UK,57.0,,westashley@example.org,VIP
1035,William Trujillo,michaelmitchell@example.net,2023-09-19,Los Angeles,USA,64.0,F,michaelmitchell@example.net,Standard
1036,Brenda Gray,danielblack@example.org,2024-06-04,New York,USA,58.0,M,danielblack@example.org,Standard
1037,Heather Garcia,fpoole@example.org,2022-11-11,Sydney,Australia,47.0,M,fpoole@example.org,Standard
1038,Stephen Alvarez,rmiller@example.net,2019-03-15,Chicago,USA,17.0,M,rmiller@example.net,VIP
1039,Justin Maxwell,breanna67@example.net,2023-06-12,Los Angeles,USA,57.0,M,breanna67@example.net,Standard
1040,Katherine Mcpherson,drewmartinez@example.net,2024-06-02,Berlin,Germany,18.0,M,drewmartinez@example.net,Standard
1041,Walter Palmer,bensonstanley@example.org,2019-08-31,Manchester,UK,67.0,Other,bensonstanley@example.org,Standard
1042,Terry Wood,guzmanricky@example.org,2023-11-26,Mumbai,India,25.0,F,guzmanricky@example.org,Standard
1043,Dylan Mills,watsonvickie@example.com,2019-10-17,Melbourne,Australia,,M,watsonvickie@example.com,Standard
1044,Alfred Thomas,twilliams@example.com,2022-12-07,Toronto,Canada,,M,twilliams@example.com,Standard
1045,Robert Burns,kelleycarlos@example.org,2023-06-14,Mumbai,India,45.0,F,kelleycarlos@example.org,Standard
1046,Kenneth Knight,kimberly79@example.org,2019-08-06,Mumbai,India,47.0,F,kimberly79@example.org,Standard
1047,Kathy Murray,jcontreras@example.net,2021-05-22,Toronto,Canada,67.0,F,jcontreras@example.net,Standard
1048,Robert Beck,zhughes@example.com,2024-06-21,Los Angeles,USA,50.0,M,zhughes@example.com,C
1049,Tina Wu,debbie20@example.net,2019-04-04,Singapore,Singapore,27.0,F,debbie20@example.net,C
1050,Patricia Parker,schneiderchristopher@example.net,2019-12-11,Manchester,UK,51.0,M,schneiderchristopher@example.net,A
1051,Nina Bernard,karenshaw@example.org,2019-07-24,Chicago,USA,55.0,M,karenshaw@example.org,C
1052,Timothy White,hilljamie@example.net,2019-01-14,Los Angeles,USA,27.0,M,hilljamie@example.net,B
1053,Lauren Miller,richard07@example.org,2021-05-02,Vancouver,Canada,60.0,F,richard07@example.org,Standard
1054,Christopher Johnson,patrick11@example.org,2021-04-23,Berlin,Germany,27.0,F,patrick11@example.org,A
1055,Dominique White,moorestephanie@example.net,2022-06-07,Berlin,Germany,56.0,F,moorestephanie@example.net,Standard
1056,Lucas Nguyen,reeveskenneth@example.org,2020-04-27,Munich,Germany,23.0,M,reeveskenneth@example.org,Standard
1057,Jason Nguyen,hdavid@example.org,2023-04-08,Mumbai,India,48.0,M,hdavid@example.org,Standard
1058,Paul Willis,gromero@example.com,2019-04-19,Vancouver,Canada,23.0,,gromero@example.com,Standard
1059,Debra Flores,bjones@example.com,2021-10-15,Berlin,Germany,26.0,M,bjones@example.com,Standard
1060,Susan Smith,sanchezangela@example.org,2020-03-05,Vancouver,Canada,32.0,M,sanchezangela@example.org,B
1061,Jason Miller,kristathomas@example.net,2019-08-02,New York,USA,75.0,F,kristathomas@example.net,Standard
1062,Dr. Kimberly Henderson,dwilliams@example.net,2019-08-26,Munich,Germany,73.0,M,dwilliams@example.net,Standard
1063,William Smith,qnelson@example.net,2020-02-12,Manchester,UK,30.0,F,qnelson@example.net,A
1064,Gregory Chen,brandon89@example.org,2021-04-24,Melbourne,Australia,40.0,M,brandon89@example.org,Standard
1065,James Martinez,jessicalutz@example.com,2023-12-29,New York,USA,25.0,F,jessicalutz@example.com,Standard
1066,Jonathan Pham,cynthia74@example.org,2019-10-07,London,UK,62.0,F,cynthia74@example.org,B
1067,Erica Clark,allen20@example.net,2019-09-18,London,UK,60.0,F,allen20@example.net,Standard
1068,Steven Chambers,speters@example.net,2021-07-28,Berlin,Germany,26.0,F,speters@example.net,Standard
1069,James Miller PhD,ryanpatricia@example.net,2023-06-05,Chicago,USA,55.0,M,ryanpatricia@example.net,Standard
1070,Caleb Stanton,wcarey@example.com,2019-06-27,Toronto,Canada,70.0,F,wcarey@example.com,Standard
1071,Randy Terry,martinezmitchell@example.org,2023-09-11,Berlin,Germany,,M,martinezmitchell@example.org,Standard
1072,Daniel Smith,erin53@example.org,2020-11-01,Toronto,Canada,53.0,Other,erin53@example.org,Standard
1073,Lori Stokes,jimsnyder@example.com,2022-03-20,Bangkok,Thailand,42.0,M,jimsnyder@example.com,Standard
1074,Johnathan Padilla,adrianjoyce@example.net,2021-10-29,Singapore,Singapore,43.0,M,adrianjoyce@example.net,Standard
1075,Sergio Carroll,mjackson@example.net,2019-07-20,Mumbai,India,47.0,F,mjackson@example.net,Standard
1076,Megan Morrison,cameronanderson@example.org,2021-04-12,Melbourne,Australia,24.0,,cameronanderson@example.org,Standard
1077,Timothy Foley,james08@example.net,2021-09-09,New York,USA,26.0,M,james08@example.net,B
1078,Justin Gibson,pdavidson@example.org,2024-06-22,New York,USA,45.0,F,pdavidson@example.org,Standard
1079,Erica Richard,rhill@example.net,2023-11-20,Singapore,Singapore,56.0,M,rhill@example.net,B
1080,Isaiah Blake,brandonhull@example.net,2021-02-27,Los Angeles,USA,,F,brandonhull@example.net,Standard
1081,Aaron Lee,beardlindsey@example.net,2022-01-15,Paris,France,66.0,M,beardlindsey@example.net,A
1082,Michael Rosario,jamesmurphy@example.org,2023-02-15,London,UK,48.0,M,jamesmurphy@example.org,VIP
1083,Anne Castillo,watkinsconnie@example.com,2021-02-23,Los Angeles,USA,45.0,F,watkinsconnie@example.com,B
1084,Danielle Wells,marissa58@example.org,2022-12-14,Munich,Germany,51.0,,marissa58@example.org,Standard
1085,Patricia Harvey,garrettbeth@example.org,2022-01-10,Toronto,Canada,57.0,M,garrettbeth@example.org,B
1086,Sydney Bennett,pattonbryan@example.com,2020-03-05,Melbourne,Australia,36.0,M,pattonbryan@example.com,Standard
1087,Leslie Reynolds,byrdanita@example.com,2019-04-22,Vancouver,Canada,39.0,M,byrdanita@example.com,Standard
1088,Jennifer Williamson,mhall@example.net,2021-08-20,Los Angeles,USA,59.0,F,mhall@example.net,VIP
1089,Jody Marshall,nhobbs@example.org,2023-06-27,London,UK,28.0,F,nhobbs@example.org,Standard
1090,Timothy Logan,lholmes@example.org,2020-01-02,Bangkok,Thailand,20.0,M,lholmes@example.org,Standard
1091,Adam Reeves,rebeccamartinez@example.net,2019-11-05,,Germany,49.0,F,rebeccamartinez@example.net,Standard
1092,Jason Hardy,ilopez@example.org,2022-01-13,Sydney,Australia,46.0,M,ilopez@example.org,Standard
1093,Eric Graham,larry82@example.org,2020-01-23,Vancouver,Canada,17.0,Other,larry82@example.org,Standard
1094,Larry Carter,holmesdiane@example.org,2020-11-18,Sydney,Australia,53.0,F,holmesdiane@example.org,Standard
1095,Jonathon Conley,hendersonjames@example.org,2022-09-25,Paris,France,69.0,M,hendersonjames@example.org,Standard
1096,Christina Jones,elizabethneal@example.com,2023-06-05,Bangkok,Thailand,26.0,F,elizabethneal@example.com,Standard
1097,Erin Lane,christina65@example.org,2023-04-26,Vancouver,Canada,25.0,F,christina65@example.org,Standard
1098,Shawn Lozano,arobinson@example.net,2019-11-26,Bangkok,Thailand,34.0,M,arobinson@example.net,VIP
1099,David Hanson,timothytate@example.com,2022-09-26,Bangkok,Thailand,26.0,F,timothytate@example.com,VIP
1100,Jamie Ross,coxcharles@example.org,2021-06-21,Chicago,USA,39.0,F,coxcharles@example.org,Standard
1101,Brenda Alexander,bradley03@example.org,2024-06-25,London,UK,25.0,F,bradley03@example.org,A
1102,Daniel Green,matthewspencer@example.org,2019-09-06,Vancouver,Canada,41.0,Other,matthewspencer@example.org,VIP
1103,Christopher Green,smitherica@example.com,2020-10-17,Bangkok,Thailand,16.0,M,smitherica@example.com,Standard
1104,Stacey Morgan,kevinallen@example.com,2022-12-15,Sydney,Australia,46.0,M,kevinallen@example.com,Standard
1105,Teresa Rowland,ejohns@example.org,2022-09-27,Paris,France,67.0,F,ejohns@example.org,VIP
1106,Thomas Norton,amandabenson@example.com,2019-08-19,Melbourne,Australia,,F,amandabenson@example.com,VIP
1107,Vanessa Sanchez,hinesbrenda@example.net,2021-04-02,New York,USA,69.0,F,hinesbrenda@example.net,Standard
1108,Charles Wright,monique89@example.com,2022-08-06,Paris,France,53.0,M,monique89@example.com,VIP
1109,Brad Ruiz,jacksonpaul@example.net,2019-02-16,Toronto,Canada,50.0,,jacksonpaul@example.net,Standard
1110,Jacqueline Stone,marcbrooks@example.net,2021-03-18,Munich,Germany,47.0,Other,marcbrooks@example.net,Standard
1111,Dr. John Perkins,clarkpatricia@example.com,2022-09-27,Bangkok,Thailand,41.0,F,clarkpatricia@example.com,Standard
1112,Jennifer Torres,xduncan@example.com,2019-01-25,London,UK,38.0,M,xduncan@example.com,Standard
1113,Brandy Miller,ostone@example.net,2020-03-17,Los Angeles,USA,63.0,F,ostone@example.net,Standard
1114,Jose Rogers,amcdonald@example.com,2023-01-30,Singapore,Singapore,62.0,M,amcdonald@example.com,B
1115,Emily Reyes,scottbaker@example.org,2019-10-22,Los Angeles,USA,35.0,,scottbaker@example.org,A
1116,Bradley Kirby,hartmansara@example.org,2024-03-26,,USA,64.0,M,hartmansara@example.org,Standard
1117,Isaac Payne,james54@example.com,2021-04-28,Vancouver,Canada,51.0,M,james54@example.com,VIP
1118,Patricia Bruce,janicebolton@example.net,2020-01-16,Toronto,Canada,34.0,M,janicebolton@example.net,A
1119,Susan Smith,juan56@example.com,2022-04-13,Mumbai,India,47.0,F,juan56@example.com,Standard
1120,Norma Smith,michelleperez@example.net,2019-11-12,New York,USA,35.0,M,michelleperez@example.net,B
1121,Kara Black,dsharp@example.com,2022-09-25,Sydney,Australia,42.0,M,dsharp@example.com,C
1122,Emily Lopez,cclark@example.net,2019-09-02,New York,USA,47.0,M,cclark@example.net,Standard
1123,Charles Russo,sherry07@example.net,2021-09-11,Paris,France,43.0,M,sherry07@example.net,A
1124,Gina Barnes,sfarmer@example.net,2023-08-03,Melbourne,Australia,39.0,M,sfarmer@example.net,VIP
1125,Kevin Bradley,weekseric@example.com,2022-04-06,Chicago,USA,25.0,F,weekseric@example.com,Standard
1126,Rebecca Mcintyre,nbaird@example.com,2019-04-19,Chicago,USA,39.0,F,nbaird@example.com,Standard
1127,James Wells,ashley74@example.org,2020-08-20,Vancouver,Canada,56.0,M,ashley74@example.org,C
1128,Michael Thompson,ocampbell@example.com,2023-04-16,Chicago,USA,54.0,M,ocampbell@example.com,C
1129,Andrea Brown,jacksonmichele@example.com,2023-09-27,Mumbai,India,33.0,F,jacksonmichele@example.com,Standard
1130,William Anderson,emendoza@example.com,2020-12-21,Paris,France,16.0,M,emendoza@example.com,Standard
1131,Sharon Anderson,kylemeyers@example.net,2020-11-27,Manchester,UK,22.0,M,kylemeyers@example.net,Standard
1132,Larry Crosby,waynecohen@example.com,2024-01-12,Singapore,Singapore,55.0,M,waynecohen@example.com,Standard
1133,William Griffin,pjacobs@example.net,2022-02-02,Melbourne,Australia,42.0,M,pjacobs@example.net,VIP
1134,Keith Henry,vjohnston@example.org,2019-02-05,Bangkok,Thailand,38.0,M,vjohnston@example.org,C
1135,Stanley Bryant,peter26@example.org,2022-05-08,Bangkok,Thailand,64.0,F,peter26@example.org,Standard
1136,Luke Reynolds,lbartlett@example.net,2023-07-27,Melbourne,Australia,30.0,M,lbartlett@example.net,C
1137,Jennifer Bautista,nicolemoore@example.net,2019-09-14,Vancouver,Canada,24.0,M,nicolemoore@example.net,B
1138,Mary Jones,reginajenkins@example.net,2019-06-09,Los Angeles,USA,65.0,F,reginajenkins@example.net,A
1138,Mary Jones,reginajenkins@example.net,2019-06-09,Los Angeles,USA,65.0,F,reginajenkins@example.net,Standard
1139,Jacob Campos,robert24@example.org,2023-06-13,New York,USA,,F,robert24@example.org,VIP
1140,Julia Jones,vjames@example.com,2020-09-09,Los Angeles,USA,64.0,M,vjames@example.com,Standard
1141,Jennifer Smith,fletcherderek@example.net,2024-01-20,,France,27.0,F,fletcherderek@example.net,Standard
1142,Kari Jones,jenniferkim@example.com,2024-04-12,Melbourne,Australia,53.0,M,jenniferkim@example.com,Standard
1143,Sarah Jackson,lawsongregory@example.org,2022-06-09,Melbourne,Australia,48.0,M,lawsongregory@example.org,Standard
1144,Jeanne Jones,byrderic@example.com,2021-12-19,New York,USA,61.0,M,byrderic@example.com,C
1145,Miguel Stafford,scottwilliams@example.net,2019-01-09,Munich,Germany,75.0,M,scottwilliams@example.net,Standard
1146,Margaret Moran,myerskyle@example.org,2022-11-30,London,UK,27.0,F,myerskyle@example.org,Standard
1147,Amber Bennett,sarahbrooks@example.org,2021-02-16,London,UK,29.0,M,sarahbrooks@example.org,A
1148,Alan Johnson,rogersjames@example.net,2019-09-11,London,UK,23.0,F,rogersjames@example.net,C
1149,Tyler Davis,jenniferwilliams@example.net,2022-02-15,Vancouver,Canada,21.0,F,jenniferwilliams@example.net,VIP
1150,Gabriel Hart,colleenvilla@example.com,2023-02-16,Paris,France,59.0,M,colleenvilla@example.com,Standard
1151,Barbara Lewis,marcus06@example.net,2023-10-18,Vancouver,Canada,28.0,M,marcus06@example.net,VIP
1152,James Ellis,barrettjoshua@example.net,2021-01-22,Sydney,Australia,16.0,F,barrettjoshua@example.net,B
1153,Austin Robinson,katrina71@example.net,2021-12-06,Berlin,Germany,59.0,F,katrina71@example.net,VIP
1154,Wanda Jefferson,johnathandavis@example.com,2024-06-25,Paris,France,63.0,F,johnathandavis@example.com,C
1155,Miss Megan Compton,martinreid@example.net,2020-11-24,Toronto,Canada,54.0,F,martinreid@example.net,A
1156,Samuel Olson,andres97@example.com,2023-01-25,Manchester,UK,33.0,M,andres97@example.com,B
1157,Natalie Gordon,hallchristina@example.org,2023-06-05,Singapore,Singapore,41.0,,hallchristina@example.org,Standard
1158,Oscar Todd,brownnicholas@example.com,2021-11-13,Berlin,Germany,25.0,F,brownnicholas@example.com,VIP
1159,James May,sandrageorge@example.com,2020-04-17,Berlin,Germany,,M,sandrageorge@example.com,Standard
1160,Erin Ramirez,meyertiffany@example.net,2022-10-20,Berlin,Germany,27.0,F,meyertiffany@example.net,B
1161,Nicole Perez,matthew38@example.org,2022-06-30,Paris,France,64.0,M,matthew38@example.org,A
1162,Mary Wright,cathyjames@example.com,2021-08-12,Singapore,Singapore,34.0,F,cathyjames@example.com,B
1163,Mark Brown,mjones@example.org,2023-07-16,London,UK,,,mjones@example.org,Standard
1164,Brenda Harris,thompsonana@example.org,2024-02-17,Bangkok,Thailand,40.0,F,thompsonana@example.org,Standard
1165,Blake Hardy,frank33@example.com,2019-03-09,New York,USA,51.0,M,frank33@example.com,Standard
1166,David Mitchell,mfaulkner@example.com,2021-10-03,Chicago,USA,24.0,M,mfaulkner@example.com,Standard
1167,Karen Tapia,raymond27@example.com,2022-10-14,Paris,France,58.0,M,raymond27@example.com,A
1168,Leon Hamilton,lorileon@example.org,2023-10-16,Munich,Germany,,M,lorileon@example.org,Standard
1169,Jessica Miller,brooke28@example.net,2022-06-17,Manchester,UK,65.0,F,brooke28@example.net,A
1170,James Torres,nicholas97@example.org,2019-09-20,New York,USA,38.0,M,nicholas97@example.org,Standard
1171,Miguel Gonzalez,adamhensley@example.net,2020-11-29,Sydney,Australia,22.0,F,adamhensley@example.net,Standard
1172,Katherine Frost,xwaller@example.com,2022-09-16,New York,USA,31.0,F,xwaller@example.com,B
1173,Martin Chapman MD,riddledavid@example.net,2019-05-15,,Australia,23.0,F,riddledavid@example.net,Standard
1174,Phillip Krueger,william75@example.net,2022-09-09,Berlin,Germany,52.0,F,william75@example.net,Standard
1175,James Coleman,johnjohnson@example.com,2022-04-19,Berlin,Germany,36.0,M,johnjohnson@example.com,Standard
1176,Megan Terry,josegibson@example.net,2021-09-27,Singapore,Singapore,60.0,M,josegibson@example.net,C
1177,David Lane,alexanderwise@example.net,2022-09-28,Singapore,Singapore,26.0,F,alexanderwise@example.net,C
1178,Janice Mccarthy,stonejacob@example.com,2022-07-25,Berlin,Germany,69.0,F,stonejacob@example.com,C
1179,Jeffery Holt,uwillis@example.com,2022-03-20,Vancouver,Canada,67.0,F,uwillis@example.com,C
1180,Tammy Booth,fieldskimberly@example.com,2022-03-30,Mumbai,India,53.0,M,fieldskimberly@example.com,C
1181,Debra Clark,ahale@example.org,2021-05-24,Berlin,Germany,38.0,F,ahale@example.org,B
1182,April Jones,pwarren@example.com,2020-09-06,Singapore,Singapore,58.0,F,pwarren@example.com,Standard
1183,Carolyn Brooks,jameswhite@example.org,2021-11-21,Paris,France,58.0,F,jameswhite@example.org,Standard
1184,Robert Lopez,bradylisa@example.org,2021-11-23,Melbourne,Australia,52.0,M,bradylisa@example.org,A
1185,Steven Ortiz,oneillgabriel@example.com,2020-07-02,Berlin,Germany,50.0,M,oneillgabriel@example.com,Standard
1186,Caleb Brown,richardstimothy@example.net,2022-03-05,Bangkok,Thailand,19.0,F,richardstimothy@example.net,Standard
1187,Alexandra Adams,ortegakristina@example.org,2023-03-09,Chicago,USA,70.0,M,ortegakristina@example.org,Standard
1188,Joseph Smith,sarah75@example.net,2022-07-22,Los Angeles,USA,70.0,M,sarah75@example.net,Standard
1189,Jacob Wu,lisa56@example.com,2022-11-07,Vancouver,Canada,31.0,F,lisa56@example.com,Standard
1190,Vanessa Marks,smithmonica@example.com,2023-06-21,Toronto,Canada,45.0,F,smithmonica@example.com,Standard
1191,Stacy Taylor,meltonjoshua@example.net,2019-03-17,,Thailand,26.0,M,meltonjoshua@example.net,C
1192,Danielle Hayes,qrobertson@example.org,2022-09-10,Vancouver,Canada,27.0,M,qrobertson@example.org,Standard
1193,Mark Mcmahon,allen50@example.net,2019-02-10,Singapore,Singapore,71.0,F,allen50@example.net,Standard
1194,Jeremy Lawson,ystevenson@example.org,2024-01-19,Los Angeles,USA,73.0,F,ystevenson@example.org,Standard
1195,Todd David,shatfield@example.org,2023-01-23,Mumbai,India,31.0,Other,shatfield@example.org,C
1196,Elizabeth Lee,mollywalter@example.net,2022-09-22,Munich,Germany,65.0,M,mollywalter@example.net,B
1197,Bethany Robles,marisa87@example.org,2022-05-13,Toronto,Canada,65.0,M,marisa87@example.org,A
1198,Tina Olson,johnjackson@example.net,2023-07-09,Manchester,UK,75.0,F,johnjackson@example.net,Standard
1199,Ashley Holder,martinsarah@example.com,2021-06-19,Vancouver,Canada,32.0,M,martinsarah@example.com,C
1200,Connie Scott,qlynn@example.org,2024-04-26,Melbourne,Australia,36.0,F,qlynn@example.org,Standard
1201,Tammy Schultz,sdavis@example.com,2023-12-07,Vancouver,Canada,39.0,F,sdavis@example.com,B
1202,Tara Miranda,schneidernicholas@example.net,2024-06-03,Sydney,Australia,18.0,Other,schneidernicholas@example.net,B
1203,Molly Valdez,ostokes@example.com,2024-02-22,Melbourne,Australia,32.0,,ostokes@example.com,Standard
1204,Brandon Davis,juliewilson@example.com,2024-01-24,London,UK,50.0,F,juliewilson@example.com,Standard
1205,Erik James,collinsbrittany@example.org,2024-05-21,Bangkok,Thailand,75.0,F,collinsbrittany@example.org,B
1206,Veronica Flores,lauren28@example.net,2023-03-30,Mumbai,India,35.0,M,lauren28@example.net,VIP
1207,Courtney Foster,sstewart@example.org,2020-10-11,Sydney,Australia,42.0,F,sstewart@example.org,Standard
1208,Mr. Kyle Thomas DDS,georgekyle@example.net,2024-04-10,Singapore,Singapore,46.0,F,georgekyle@example.net,Standard
1209,Zachary Mccarthy,nwelch@example.com,2023-12-01,Manchester,UK,68.0,F,nwelch@example.com,A
1210,Vincent Brown,eric33@example.net,2022-05-18,Manchester,UK,63.0,M,eric33@example.net,VIP
1211,Tammy Parsons,tluna@example.net,2022-08-06,Sydney,Australia,56.0,F,tluna@example.net,Standard
1211,Tammy Parsons,tluna@example.net,2022-08-06,Sydney,Australia,56.0,F,tluna@example.net,B
1212,Caitlin Smith,rrogers@example.com,2022-07-10,Toronto,Canada,36.0,F,rrogers@example.com,B
1213,Norma Myers DDS,justin38@example.com,2024-06-08,Melbourne,Australia,64.0,F,justin38@example.com,Standard
1214,Frank Moody,hornjenna@example.com,2021-07-13,London,UK,71.0,M,hornjenna@example.com,Standard
1215,Laura Ramos,jcarter@example.org,2020-11-01,Mumbai,India,28.0,F,jcarter@example.org,C
1216,Paul Moss,coxmelissa@example.org,2024-04-18,,UK,,M,coxmelissa@example.org,C
1217,Virginia Hernandez,kshelton@example.org,2022-07-07,Paris,France,74.0,F,kshelton@example.org,Standard
1218,William White,wilsonzachary@example.com,2019-12-12,Mumbai,India,41.0,F,wilsonzachary@example.com,C
1219,Tracy Sims,hsanchez@example.org,2019-12-15,London,UK,,M,hsanchez@example.org,Standard
1220,Eric Carlson,denisebennett@example.net,2021-07-18,Bangkok,Thailand,23.0,Other,denisebennett@example.net,Standard
1221,Megan Davis DDS,phill@example.com,2023-05-21,Mumbai,India,34.0,F,phill@example.com,VIP
1222,Bryan Miller,gmay@example.org,2022-05-13,Toronto,Canada,68.0,F,gmay@example.org,VIP
1223,Kenneth Armstrong,heather19@example.org,2023-06-11,Manchester,UK,17.0,M,heather19@example.org,Standard
1224,Zachary Park,ashley15@example.org,2020-05-23,Bangkok,Thailand,53.0,F,ashley15@example.org,Standard
1225,Shannon Medina,bhess@example.com,2023-11-20,Chicago,USA,60.0,F,bhess@example.com,Standard
1226,Kimberly Burnett,lbrown@example.net,2023-02-16,Manchester,UK,32.0,F,lbrown@example.net,Standard
1227,Rachel Martinez,tammymerritt@example.org,2020-04-25,Bangkok,Thailand,74.0,M,tammymerritt@example.org,C
1228,Melissa Smith,hmcbride@example.org,2022-05-10,Singapore,Singapore,16.0,F,hmcbride@example.org,Standard
1229,Daniel Martin,melissa01@example.org,2022-10-06,Manchester,UK,24.0,M,melissa01@example.org,B
1230,Heidi Stephens,qrowland@example.org,2019-12-14,Vancouver,Canada,47.0,F,qrowland@example.org,A
1231,Angel Bautista,donna72@example.net,2022-12-25,London,UK,43.0,F,donna72@example.net,Standard
1232,Erik Bartlett DVM,haileybates@example.org,2021-10-19,Chicago,USA,63.0,M,haileybates@example.org,A
1233,Cole Evans,susanguzman@example.org,2022-06-09,Vancouver,Canada,49.0,F,susanguzman@example.org,Standard
1234,Destiny Daniel,qjones@example.com,2023-04-14,Berlin,Germany,51.0,M,qjones@example.com,C
1235,Steven Ross,duffyerica@example.net,2020-01-22,New York,USA,19.0,F,duffyerica@example.net,Standard
1236,Dalton Soto,wanda35@example.net,2021-08-14,Melbourne,Australia,23.0,F,wanda35@example.net,B
1237,Samantha Jacobs,uunderwood@example.com,2022-12-23,London,UK,47.0,M,uunderwood@example.com,B
1238,Victor Wright,david18@example.com,2019-09-11,Chicago,USA,21.0,M,david18@example.com,Standard
1239,Mark Cox,kimberly23@example.com,2021-11-07,Melbourne,Australia,52.0,M,kimberly23@example.com,C
1240,James Novak,ylynn@example.org,2021-12-13,New York,USA,27.0,M,ylynn@example.org,Standard
1241,Nicholas Parker,wdavis@example.net,2019-07-13,Sydney,Australia,17.0,F,wdavis@example.net,A
1242,Diane Nelson,mosleygeorge@example.com,2022-04-24,,UK,69.0,M,mosleygeorge@example.com,Standard
1243,Robert Byrd,iwoods@example.com,2022-09-12,Melbourne,Australia,45.0,M,iwoods@example.com,Standard
1244,Jose Moore,douglasbradley@example.com,2024-06-09,London,UK,57.0,Other,douglasbradley@example.com,Standard
1245,Nicholas Villegas,erikabarnes@example.com,2024-02-01,Melbourne,Australia,24.0,M,erikabarnes@example.com,Standard
1246,William Lindsey,joshua68@example.net,2023-06-23,London,UK,63.0,F,joshua68@example.net,Standard
1247,Robin Torres,mezarichard@example.com,2020-06-06,Manchester,UK,31.0,F,mezarichard@example.com,A
1248,Madison Jones,shirleymartin@example.org,2020-03-02,Mumbai,India,40.0,M,shirleymartin@example.org,Standard
1249,Dustin Noble,haydenroger@example.net,2019-11-12,Sydney,Australia,35.0,M,haydenroger@example.net,Standard
1250,Breanna Jimenez,sullivanchristina@example.net,2024-01-25,Vancouver,Canada,24.0,F,sullivanchristina@example.net,VIP
1250,Breanna Jimenez,sullivanchristina@example.net,2024-01-25,Vancouver,Canada,24.0,F,sullivanchristina@example.net,Standard
1251,Jeffery Ferguson,john89@example.org,2021-09-29,Toronto,Canada,72.0,M,john89@example.org,Standard
1252,Traci Craig,gregoryrichardson@example.org,2023-03-30,Los Angeles,USA,67.0,M,gregoryrichardson@example.org,Standard
1253,Tiffany Henderson,hjackson@example.com,2019-03-24,Los Angeles,USA,37.0,M,hjackson@example.com,Standard
1254,Danielle Ryan,robertstimothy@example.com,2019-11-14,Melbourne,Australia,49.0,F,robertstimothy@example.com,VIP
1255,Oscar Carroll,sandrahickman@example.net,2019-06-12,Manchester,UK,35.0,M,sandrahickman@example.net,VIP
1256,Stephanie Walls,abrown@example.net,2020-05-24,Mumbai,India,43.0,F,abrown@example.net,A
1257,Edwin Rodriguez,pamela26@example.com,2021-11-17,New York,USA,48.0,M,pamela26@example.com,Standard
1258,Jeffrey Gonzalez,robertgentry@example.org,2023-07-23,Paris,France,38.0,M,robertgentry@example.org,Standard
1259,Matthew Perez,xbrooks@example.com,2023-02-25,Los Angeles,USA,27.0,F,xbrooks@example.com,Standard
1260,Kimberly Adams,cdouglas@example.org,2023-12-01,Manchester,UK,36.0,M,cdouglas@example.org,VIP
1261,Paul Smith,danielmitchell@example.org,2023-07-13,Paris,France,37.0,F,danielmitchell@example.org,Standard
1262,Patrick Santana,elizabethvaughan@example.net,2019-06-10,Chicago,USA,32.0,M,elizabethvaughan@example.net,Standard
1263,Mrs. Katherine Simpson,markduran@example.com,2021-03-19,New York,USA,16.0,M,markduran@example.com,VIP
1264,Tammy Cameron,ganderson@example.org,2022-09-09,Mumbai,India,62.0,,ganderson@example.org,VIP
1265,Gregory Smith,brettgallegos@example.com,2022-11-15,London,UK,67.0,F,brettgallegos@example.com,Standard
1266,Nancy Hamilton,justin16@example.org,2023-07-30,Los Angeles,USA,60.0,F,justin16@example.org,Standard
1267,Monica Lopez,katie43@example.net,2019-10-25,Sydney,Australia,31.0,M,katie43@example.net,C
1268,Christina Mccarthy,hayneswayne@example.org,2019-06-26,Toronto,Canada,65.0,F,hayneswayne@example.org,Standard
1269,Scott Fuller,jeromeanderson@example.org,2024-01-23,Chicago,USA,63.0,M,jeromeanderson@example.org,A
1270,Corey Thomas,jensenchristopher@example.org,2021-07-09,Mumbai,India,31.0,M,jensenchristopher@example.org,Standard
1271,Joseph Graves,jeffreysimmons@example.org,2020-11-14,New York,USA,22.0,,jeffreysimmons@example.org,VIP
1272,Maria Torres,michael56@example.org,2021-10-12,Mumbai,India,54.0,F,michael56@example.org,Standard
1273,Anthony Williams,guerreromarc@example.com,2021-09-22,Manchester,UK,53.0,M,guerreromarc@example.com,Standard
1274,Terry Garcia,johnnyhenry@example.com,2021-09-26,,India,61.0,M,johnnyhenry@example.com,Standard
1275,Brent Smith,markfigueroa@example.com,2019-05-11,Munich,Germany,73.0,F,markfigueroa@example.com,Standard
1276,Leah Jacobs,debraclark@example.com,2024-04-06,Paris,France,38.0,F,debraclark@example.com,A
1277,Brian Soto,williamstanya@example.net,2020-01-29,Melbourne,Australia,38.0,M,williamstanya@example.net,B
1278,Cheryl Griffin,jonesamy@example.com,2020-11-25,Sydney,Australia,70.0,F,jonesamy@example.com,Standard
1279,John Juarez,bradleylee@example.net,2023-01-20,Vancouver,Canada,42.0,M,bradleylee@example.net,A
1280,Stephanie Malone,patricia71@example.com,2021-08-25,Singapore,Singapore,55.0,F,patricia71@example.com,Standard
1281,Jason Velazquez,jacksonjoshua@example.org,2019-09-22,Berlin,Germany,28.0,M,jacksonjoshua@example.org,C
1282,Tyler Brown,joysanders@example.net,2020-09-13,Berlin,Germany,29.0,F,joysanders@example.net,A
1283,Kayla Jones,ychristensen@example.net,2021-01-01,Vancouver,Canada,27.0,F,ychristensen@example.net,Standard
1284,Jennifer Nelson,adamarmstrong@example.net,2020-11-22,Los Angeles,USA,23.0,F,adamarmstrong@example.net,C
1285,Sherry Gibbs,ugordon@example.net,2020-11-27,Vancouver,Canada,,F,ugordon@example.net,A
1286,Samuel Phillips,andrea23@example.org,2023-10-14,Chicago,USA,54.0,Other,andrea23@example.org,Standard
1287,Dorothy Bowman,sara40@example.net,2023-06-25,Berlin,Germany,69.0,M,sara40@example.net,B
1288,Wanda Clark,smithmichael@example.net,2023-05-21,Paris,France,68.0,F,smithmichael@example.net,Standard
1289,Erika Potts,jennifer69@example.com,2023-11-19,Los Angeles,USA,74.0,M,jennifer69@example.com,Standard
1290,Anthony Cabrera,jeffrey42@example.com,2021-11-02,Singapore,Singapore,62.0,F,jeffrey42@example.com,B
1291,Kimberly Irwin,sharphailey@example.net,2019-10-10,Mumbai,India,70.0,M,sharphailey@example.net,VIP
1292,Mark Munoz,lisawalker@example.com,2020-05-17,New York,USA,37.0,F,lisawalker@example.com,Standard
1293,Mark Garrison,omoore@example.net,2023-03-26,Melbourne,Australia,39.0,M,omoore@example.net,C
1294,Jackie Barrera,crawfordstephen@example.org,2021-05-13,Munich,Germany,24.0,F,crawfordstephen@example.org,Standard
1295,John Blair,andrew22@example.com,2024-05-03,Berlin,Germany,66.0,F,andrew22@example.com,B
1296,Chelsea Thomas,psanchez@example.com,2019-01-21,Singapore,Singapore,20.0,,psanchez@example.com,Standard
1297,Joseph Acosta,morrisonnicholas@example.org,2021-06-07,Chicago,USA,41.0,M,morrisonnicholas@example.org,VIP
1297,Joseph Acosta,morrisonnicholas@example.org,2021-06-07,Chicago,USA,41.0,M,morrisonnicholas@example.org,VIP
1298,Adam Rivas,andersonkayla@example.com,2022-03-22,Bangkok,Thailand,56.0,M,andersonkayla@example.com,C
1299,Mark Smith,rosariodaniel@example.net,2021-05-08,Vancouver,Canada,72.0,F,rosariodaniel@example.net,Standard
1300,Sarah Miller,timothyhart@example.com,2020-10-04,Melbourne,Australia,16.0,M,timothyhart@example.com,Standard
1301,Elizabeth Mendoza,brianholt@example.net,2022-12-05,Chicago,USA,44.0,M,brianholt@example.net,Standard
1302,Alisha Williams,curtis62@example.org,2022-08-28,Paris,France,60.0,M,curtis62@example.org,Standard
1303,Allison Simmons,tmcdaniel@example.org,2020-02-09,Singapore,Singapore,,M,tmcdaniel@example.org,Standard
1304,William Walker DVM,michael95@example.org,2023-12-07,Melbourne,Australia,49.0,F,michael95@example.org,VIP
1305,Tim Miller,munozgregory@example.net,2020-10-01,Munich,Germany,37.0,F,munozgregory@example.net,Standard
1306,Christopher Coleman,colleen45@example.org,2022-01-10,Singapore,Singapore,32.0,M,colleen45@example.org,Standard
1307,Jonathan Wood,lisa10@example.org,2019-08-15,Munich,Germany,69.0,F,lisa10@example.org,Standard
1308,Bridget Hernandez,ygriffith@example.com,2023-03-30,New York,USA,23.0,F,ygriffith@example.com,A
1309,Ashley Simmons,duane52@example.org,2020-04-28,London,UK,52.0,M,duane52@example.org,Standard
1310,Heather Snyder,asteele@example.net,2022-05-04,Mumbai,India,38.0,M,asteele@example.net,C
1310,Heather Snyder,asteele@example.net,2022-05-04,Mumbai,India,38.0,M,asteele@example.net,C
1311,Felicia Pham,patrickdunn@example.net,2022-10-09,Paris,France,61.0,F,patrickdunn@example.net,Standard
1312,Kim Underwood,tmiller@example.com,2022-04-07,Munich,Germany,68.0,F,tmiller@example.com,Standard
1313,Paula Shepherd,jacquelineyoung@example.org,2023-08-24,Manchester,UK,21.0,F,jacquelineyoung@example.org,C
1314,Samuel Cox,hrosario@example.org,2021-07-02,Toronto,Canada,39.0,M,hrosario@example.org,Standard
1315,Heather Atkinson,kenneththomas@example.net,2021-03-19,Singapore,Singapore,53.0,F,kenneththomas@example.net,Standard
1316,Susan Sanchez,briantaylor@example.net,2024-04-25,Bangkok,Thailand,62.0,F,briantaylor@example.net,Standard
1317,Jamie Johnson,swatson@example.org,2021-09-19,Chicago,USA,24.0,M,swatson@example.org,VIP
1318,Angela Monroe,anthonydiaz@example.org,2020-03-11,Melbourne,Australia,,M,anthonydiaz@example.org,Standard
1319,Adam Guerra,lhernandez@example.com,2024-05-03,Bangkok,Thailand,54.0,F,lhernandez@example.com,Standard
1320,Nicole Hale,theodore57@example.net,2019-03-24,Vancouver,Canada,25.0,F,theodore57@example.net,C
1321,Donna Moore,munozglenn@example.org,2021-09-22,Vancouver,Canada,66.0,F,munozglenn@example.org,B
1322,Ronnie Frazier,qspencer@example.net,2024-01-06,Bangkok,Thailand,72.0,M,qspencer@example.net,Standard
1323,Michelle Henderson,josephdavis@example.com,2019-09-08,New York,USA,38.0,M,josephdavis@example.com,Standard
1324,Beth Lewis,robinsonisaiah@example.net,2022-03-04,Vancouver,Canada,73.0,M,robinsonisaiah@example.net,Standard
1325,Lisa Jones,pwoods@example.net,2022-05-25,Mumbai,India,64.0,M,pwoods@example.net,Standard
1326,James Brown,deborah34@example.org,2021-07-08,Sydney,Australia,71.0,M,deborah34@example.org,B
1327,Jack Maxwell,anthony42@example.net,2021-04-18,Paris,France,30.0,F,anthony42@example.net,Standard
1328,Daniel Smith,jacob30@example.org,2023-12-28,Sydney,Australia,63.0,F,jacob30@example.org,Standard
1329,William Cunningham,uwilliams@example.org,2022-03-17,New York,USA,66.0,M,uwilliams@example.org,VIP
1330,Alejandra Kelly,susan83@example.com,2022-02-19,Sydney,Australia,28.0,M,susan83@example.com,Standard
1331,Molly Dickson,riverapeggy@example.net,2021-12-04,Paris,France,64.0,F,riverapeggy@example.net,Standard
1332,Robert Hernandez,cwoods@example.com,2021-12-25,Bangkok,Thailand,17.0,M,cwoods@example.com,Standard
1333,Michael Miller,cisnerosjesse@example.org,2023-12-23,Mumbai,India,44.0,F,cisnerosjesse@example.org,Standard
1334,Martha Mack,victoriamason@example.net,2019-04-03,Paris,France,71.0,F,victoriamason@example.net,Standard
1335,Kelly Mack,vfloyd@example.com,2023-10-27,New York,USA,36.0,,vfloyd@example.com,Standard
1336,Scott Jordan,nallen@example.net,2019-12-11,Munich,Germany,25.0,F,nallen@example.net,Standard
1337,Christian Burton,adavis@example.org,2022-10-21,Manchester,UK,19.0,F,adavis@example.org,Standard
1338,Emily Dillon,portershawn@example.org,2020-09-02,New York,USA,22.0,F,portershawn@example.org,Standard
1339,Candice Ramirez,michael12@example.net,2024-04-12,Manchester,UK,19.0,M,michael12@example.net,A
1340,Deanna Kennedy,kathryn72@example.org,2021-11-07,Berlin,Germany,40.0,F,kathryn72@example.org,Standard
1341,Katherine Cox,richard92@example.com,2021-04-13,Munich,Germany,,M,richard92@example.com,C
1342,Ryan Crane,christopher68@example.com,2020-07-05,New York,USA,53.0,M,christopher68@example.com,Standard
1343,Shawn Fleming,figueroajohn@example.net,2019-09-15,Singapore,Singapore,52.0,M,figueroajohn@example.net,Standard
1344,Samuel Roberts,ashleynash@example.org,2023-05-23,Toronto,Canada,39.0,F,ashleynash@example.org,C
1345,Joel Davis,imcdonald@example.com,2024-05-22,Manchester,UK,,,imcdonald@example.com,Standard
1346,Christopher Rodriguez,mtate@example.com,2020-08-15,Paris,France,,M,mtate@example.com,Standard
1347,Evan Davies,vlewis@example.com,2020-05-28,Paris,France,38.0,M,vlewis@example.com,Standard
1348,Jesse Gardner,huertakim@example.org,2019-04-04,Vancouver,Canada,63.0,F,huertakim@example.org,Standard
1349,Heather Jordan,nlewis@example.org,2019-09-09,Melbourne,Australia,62.0,F,nlewis@example.org,Standard
1350,Melinda Nelson,christopherjones@example.com,2021-10-30,Paris,France,72.0,F,christopherjones@example.com,B
1351,Shane Hayes,qwarren@example.com,2022-12-20,Singapore,Singapore,33.0,F,qwarren@example.com,Standard
1352,Anthony Jacobson,wpeterson@example.com,2024-05-18,Berlin,Germany,,M,wpeterson@example.com,Standard
1353,Gregory Barnes,ynichols@example.org,2022-05-31,New York,USA,16.0,F,ynichols@example.org,Standard
1354,Jessica Gaines,jmorrow@example.net,2022-11-27,Bangkok,Thailand,64.0,M,jmorrow@example.net,A
1355,Nathan Lane,mariodowns@example.net,2019-06-08,Sydney,Australia,17.0,F,mariodowns@example.net,Standard
1356,Nancy Stewart,peggypeck@example.com,2020-12-23,Los Angeles,USA,68.0,M,peggypeck@example.com,Standard
1357,Ashley Cordova,ubaker@example.org,2022-11-28,Singapore,Singapore,23.0,F,ubaker@example.org,C
1358,Terri Mathews DDS,johnsonjulie@example.org,2023-03-02,Toronto,Canada,64.0,F,johnsonjulie@example.org,Standard
1359,Joshua Martin,nrobinson@example.org,2023-07-30,Los Angeles,USA,56.0,F,nrobinson@example.org,Standard
1360,Laura Smith,allen48@example.org,2024-06-04,Berlin,Germany,18.0,M,allen48@example.org,Standard
1361,Mariah Bryant,ibell@example.com,2019-01-15,Toronto,Canada,68.0,F,ibell@example.com,Standard
1362,Pamela Wilson,stephenbrooks@example.net,2021-10-08,Munich,Germany,51.0,M,stephenbrooks@example.net,Standard
1363,Kimberly James,swalters@example.net,2022-03-03,Paris,France,20.0,F,swalters@example.net,C
1364,Susan Garcia,shafferdale@example.net,2022-03-13,Bangkok,Thailand,72.0,F,shafferdale@example.net,B
1365,Timothy Garcia,schultzwesley@example.org,2019-02-17,Sydney,Australia,55.0,F,schultzwesley@example.org,B
1366,Sarah Lewis,harnold@example.org,2022-08-05,Manchester,UK,19.0,M,harnold@example.org,VIP
1367,Tiffany Bell,pgutierrez@example.net,2020-07-15,Manchester,UK,59.0,M,pgutierrez@example.net,Standard
1368,Jennifer Ayers,williamadams@example.net,2023-12-16,New York,USA,19.0,F,williamadams@example.net,C
1369,Ryan Pope,anunez@example.com,2021-03-13,New York,USA,37.0,F,anunez@example.com,Standard
1370,Alexander Gibbs,matthew96@example.org,2020-04-07,Melbourne,Australia,20.0,F,matthew96@example.org,Standard
1371,Jenna Jensen,zpoole@example.net,2022-07-06,Los Angeles,USA,,F,zpoole@example.net,C
1372,Todd Myers,richardflores@example.org,2022-07-06,Singapore,Singapore,69.0,F,richardflores@example.org,Standard
1373,Brett Owen,welchkristen@example.net,2023-09-01,London,UK,68.0,Other,welchkristen@example.net,C
1374,Sara Moore,james10@example.com,2022-05-13,Singapore,Singapore,44.0,M,james10@example.com,A
1375,Randy Hernandez,armstronganthony@example.net,2024-06-18,Los Angeles,USA,,M,armstronganthony@example.net,Standard
1376,Jesse Welch,jacob34@example.org,2023-05-22,Los Angeles,USA,19.0,F,jacob34@example.org,Standard
1377,Danielle Deleon,qtownsend@example.org,2021-06-03,Sydney,Australia,22.0,F,qtownsend@example.org,Standard
1378,Timothy Burton,rodriguezsara@example.org,2021-04-02,Manchester,UK,55.0,M,rodriguezsara@example.org,Standard
1379,Douglas Kline,jonesmegan@example.org,2022-07-01,Sydney,Australia,45.0,M,jonesmegan@example.org,VIP
1380,John Johnson,tuckerconnie@example.org,2019-07-27,Paris,France,57.0,F,tuckerconnie@example.org,Standard
1381,Jaime Edwards,lstokes@example.com,2022-04-18,London,UK,22.0,F,lstokes@example.com,B
1382,Christopher Bradley,wilsonmatthew@example.com,2023-09-18,Singapore,Singapore,73.0,F,wilsonmatthew@example.com,C
1383,Mr. Joshua Moore,sara39@example.org,2021-09-12,Manchester,UK,44.0,F,sara39@example.org,Standard
1384,Kelly Hodges,michellewilson@example.org,2020-09-30,Chicago,USA,43.0,F,michellewilson@example.org,Standard
1385,Charles Miller,josepholson@example.org,2023-12-18,Paris,France,65.0,M,josepholson@example.org,Standard
1386,Juan Phillips,zgraham@example.org,2021-01-25,Vancouver,Canada,49.0,F,zgraham@example.org,B
1387,Craig Mathis,suzanne19@example.net,2023-08-05,Munich,Germany,,,suzanne19@example.net,B
1388,Robert Mckay,chamilton@example.com,2024-02-04,Sydney,Australia,66.0,M,chamilton@example.com,C
1389,Denise Flores,lawsonruben@example.net,2021-08-15,Melbourne,Australia,60.0,,lawsonruben@example.net,Standard
1390,Steven Weiss,cjackson@example.net,2020-09-05,Paris,France,37.0,M,cjackson@example.net,Standard
1391,Jason Munoz,raymond12@example.com,2021-10-12,New York,USA,,F,raymond12@example.com,VIP
1392,Cody Sanchez,dianewatson@example.com,2020-03-12,Paris,France,46.0,F,dianewatson@example.com,Standard
1393,Fernando Smith,jason95@example.org,2021-02-08,Melbourne,Australia,41.0,F,jason95@example.org,A
1394,Janice Guzman,dakotaramirez@example.net,2021-01-02,Los Angeles,USA,51.0,F,dakotaramirez@example.net,Standard
1395,Rhonda Powers,bfleming@example.com,2024-02-13,Paris,France,18.0,F,bfleming@example.com,Standard
1396,Christina Williams,rjimenez@example.com,2023-12-19,Toronto,Canada,62.0,F,rjimenez@example.com,Standard
1397,Jesse Guzman,byoung@example.com,2019-02-14,Toronto,Canada,69.0,M,byoung@example.com,B
1398,Richard Johnston,buckjustin@example.com,2021-02-15,Chicago,USA,66.0,F,buckjustin@example.com,C
1399,Joseph Rose,deanna17@example.org,2020-05-06,Berlin,Germany,67.0,M,deanna17@example.org,VIP
1400,Jennifer Turner,karen61@example.net,2022-06-30,Singapore,Singapore,72.0,M,karen61@example.net,Standard
1401,Katherine Williams,heather77@example.net,2023-06-16,Chicago,USA,28.0,F,heather77@example.net,VIP
1402,Barbara Brooks,johnsonbrandon@example.org,2024-06-23,Manchester,UK,31.0,M,johnsonbrandon@example.org,Standard
1403,Wyatt Callahan,fperez@example.org,2022-01-01,Mumbai,India,66.0,M,fperez@example.org,B
1404,Robin Cabrera,villamiranda@example.com,2023-11-23,Vancouver,Canada,70.0,M,villamiranda@example.com,B
1405,Amanda Williams,charles59@example.com,2019-06-16,Melbourne,Australia,66.0,M,charles59@example.com,Standard
1406,Christopher Taylor,uwilson@example.org,2023-12-13,Singapore,Singapore,64.0,M,uwilson@example.org,Standard
1407,Stacy Church,qwalsh@example.org,2022-12-30,London,UK,49.0,M,qwalsh@example.org,VIP
1408,Cynthia Woods,ubray@example.net,2022-04-05,Vancouver,Canada,56.0,F,ubray@example.net,Standard
1409,Mr. Ralph Dawson,angelica33@example.net,2024-01-07,Toronto,Canada,44.0,F,angelica33@example.net,Standard
1410,Wesley Brown,santiagotaylor@example.com,2021-02-11,Bangkok,Thailand,26.0,M,santiagotaylor@example.com,Standard
1411,Brian Clark,kathleen47@example.net,2023-03-20,Chicago,USA,34.0,M,kathleen47@example.net,A
1412,Jonathan Sloan,sabrinacruz@example.com,2021-11-15,Berlin,Germany,37.0,F,sabrinacruz@example.com,Standard
1413,Kayla Deleon,caseyhenderson@example.net,2021-10-15,Singapore,Singapore,33.0,F,caseyhenderson@example.net,A
1414,Sergio Wong,stevenrodriguez@example.org,2019-06-05,Sydney,Australia,73.0,M,stevenrodriguez@example.org,Standard
1415,Steven Lopez,alvarezalyssa@example.com,2019-06-10,Sydney,Australia,75.0,F,alvarezalyssa@example.com,Standard
1416,Timothy Miller,zlewis@example.net,2020-02-15,Munich,Germany,28.0,M,zlewis@example.net,Standard
1417,Gene Alexander,corey66@example.org,2022-10-31,Singapore,Singapore,28.0,,corey66@example.org,Standard
1418,James Wheeler,gstone@example.net,2023-01-06,Singapore,Singapore,74.0,F,gstone@example.net,Standard
1419,David Rodriguez,brownaustin@example.com,2023-05-23,London,UK,41.0,F,brownaustin@example.com,VIP
1420,Joseph Hill,gmyers@example.org,2021-11-15,Sydney,Australia,71.0,M,gmyers@example.org,Standard
1421,Sherry Adams,georgeharris@example.net,2020-04-23,Berlin,Germany,53.0,M,georgeharris@example.net,A
1422,Kyle Gross,lopezrebecca@example.net,2020-11-28,Berlin,Germany,36.0,Other,lopezrebecca@example.net,A
1423,Eric Knox,georgemaldonado@example.org,2020-03-05,Manchester,UK,44.0,F,georgemaldonado@example.org,Standard
1424,Steven Thomas,waderonnie@example.org,2019-09-20,Mumbai,India,,M,waderonnie@example.org,Standard
1425,Dennis Jones,wheelertara@example.net,2020-04-06,London,UK,43.0,M,wheelertara@example.net,Standard
1426,Shane Kennedy,fuentesashley@example.com,2020-09-05,Munich,Germany,,Other,fuentesashley@example.com,B
1427,Kelly Jackson,kimberlygarcia@example.net,2024-06-24,Chicago,USA,52.0,M,kimberlygarcia@example.net,A
1428,John Bell,elizabeth45@example.com,2021-03-11,Mumbai,India,29.0,F,elizabeth45@example.com,Standard
1429,Harold Mckinney,rrodriguez@example.net,2019-08-11,Berlin,Germany,52.0,F,rrodriguez@example.net,Standard
1430,Alicia Irwin,donnathomas@example.com,2019-08-02,Chicago,USA,,M,donnathomas@example.com,VIP
1431,Kenneth Dominguez,vhoward@example.org,2020-02-12,Chicago,USA,74.0,F,vhoward@example.org,B
1432,Troy Fowler,natalie87@example.net,2021-12-09,Sydney,Australia,,F,natalie87@example.net,Standard
1433,Thomas Bailey,peter64@example.com,2024-02-07,Mumbai,India,41.0,M,peter64@example.com,VIP
1434,Kevin Miles,hamiltonspencer@example.com,2023-03-02,Berlin,Germany,40.0,F,hamiltonspencer@example.com,VIP
1435,Wayne Porter,stevenhernandez@example.com,2020-09-26,Toronto,Canada,68.0,M,stevenhernandez@example.com,A
1436,Mary Torres,calvin40@example.com,2022-04-18,Vancouver,Canada,48.0,F,calvin40@example.com,Standard
1437,Douglas Watkins,freemanadam@example.com,2021-07-01,Chicago,USA,68.0,M,freemanadam@example.com,C
1438,April King,natasha88@example.org,2022-03-11,Bangkok,Thailand,45.0,F,natasha88@example.org,Standard
1439,Michelle Thomas,ryanhull@example.com,2023-12-10,Sydney,Australia,38.0,F,ryanhull@example.com,Standard
1440,John Gomez,ghenderson@example.com,2023-08-14,Paris,France,42.0,M,ghenderson@example.com,Standard
1441,Linda Thompson,ushelton@example.net,2021-02-26,Berlin,Germany,27.0,M,ushelton@example.net,Standard
1442,Randall Wright,tspencer@example.com,2020-05-05,New York,USA,33.0,M,tspencer@example.com,A
1443,Keith Fuller,nicholasliu@example.com,2022-11-30,Los Angeles,USA,74.0,M,nicholasliu@example.com,Standard
1444,Joseph Benson,taylor67@example.com,2019-06-06,London,UK,48.0,F,taylor67@example.com,Standard
1445,Julia Gaines,bernardrobert@example.org,2020-02-29,Vancouver,Canada,18.0,M,bernardrobert@example.org,Standard
1446,Elizabeth Sanchez,david89@example.com,2021-08-03,Melbourne,Australia,37.0,F,david89@example.com,VIP
1447,Ryan Martinez,fordkathryn@example.net,2020-05-28,New York,USA,61.0,M,fordkathryn@example.net,Standard
1448,Anthony Brown,cookconnor@example.com,2021-08-02,Berlin,Germany,21.0,,cookconnor@example.com,A
1449,Melissa Lin,yangemily@example.net,2021-08-22,Chicago,USA,69.0,M,yangemily@example.net,Standard
1450,Meredith Black,rtaylor@example.net,2020-08-25,Chicago,USA,50.0,M,rtaylor@example.net,Standard
1451,Elizabeth Collins,shaffercindy@example.org,2022-10-19,New York,USA,25.0,M,shaffercindy@example.org,B
1452,Aaron Munoz,meyerjohn@example.org,2022-10-14,Bangkok,Thailand,29.0,M,meyerjohn@example.org,VIP
1453,Ross Wallace,howekevin@example.com,2022-08-05,Munich,Germany,40.0,M,howekevin@example.com,Standard
1454,Dr. Sarah Payne,nvillarreal@example.org,2023-05-01,New York,USA,65.0,M,nvillarreal@example.org,Standard
1455,Mark Lopez,georgeharmon@example.net,2019-07-07,,Canada,,M,georgeharmon@example.net,Standard
1456,John Roberts,haleytrevor@example.net,2022-10-02,Sydney,Australia,30.0,M,haleytrevor@example.net,Standard
1457,James Marsh,bbutler@example.org,2019-12-10,Sydney,Australia,18.0,F,bbutler@example.org,Standard
1458,Jim Elliott,carpenteraustin@example.net,2022-07-07,Munich,Germany,55.0,Other,carpenteraustin@example.net,Standard
1459,Lisa Williams,sydney77@example.com,2020-04-20,Los Angeles,USA,22.0,F,sydney77@example.com,Standard
1460,Christopher Mason,michaelmccarthy@example.com,2019-01-25,London,UK,29.0,M,michaelmccarthy@example.com,B
1461,Carrie Hernandez,stephen24@example.net,2022-07-01,Sydney,Australia,18.0,F,stephen24@example.net,Standard
1462,James Hendricks,ebennett@example.net,2021-10-20,Paris,France,61.0,M,ebennett@example.net,C
1463,Laura Pennington,david59@example.net,2020-05-30,Chicago,USA,54.0,F,david59@example.net,Standard
1464,Luis Powell,johnsonjessica@example.org,2024-06-14,Bangkok,Thailand,37.0,M,johnsonjessica@example.org,Standard
1465,Brian Villa,omorris@example.net,2022-09-26,Mumbai,India,20.0,M,omorris@example.net,VIP
1466,Ashley Gilmore,acampos@example.org,2021-11-12,Manchester,UK,63.0,,acampos@example.org,Standard
1467,David Johnson,alexandernicholas@example.net,2019-02-13,Toronto,Canada,64.0,M,alexandernicholas@example.net,Standard
1468,Tammy Morris,ogray@example.net,2020-05-13,Singapore,Singapore,,F,ogray@example.net,Standard
1469,Christina Henry,jeremiah26@example.net,2021-02-08,Chicago,USA,,M,jeremiah26@example.net,A
1470,Cheryl Perkins,harrislisa@example.org,2023-02-22,Berlin,Germany,24.0,M,harrislisa@example.org,B
1471,Jason Payne,petersonfaith@example.net,2023-06-10,Munich,Germany,57.0,F,petersonfaith@example.net,VIP
1472,Kathleen Collier,wmason@example.net,2020-11-09,Melbourne,Australia,31.0,M,wmason@example.net,Standard
1473,Sarah Solis,ypatterson@example.org,2023-06-30,Toronto,Canada,54.0,F,ypatterson@example.org,C
1474,Bethany Holmes,wilsonjerry@example.net,2019-01-13,Sydney,Australia,71.0,F,wilsonjerry@example.net,Standard
1475,Alison Nicholson,sandra46@example.net,2024-04-05,Chicago,USA,24.0,M,sandra46@example.net,Standard
1476,Shane Moore,charles93@example.net,2020-02-23,Bangkok,Thailand,48.0,F,charles93@example.net,B
1477,Kathryn Ross,gardnerpatricia@example.net,2020-02-09,Melbourne,Australia,43.0,F,gardnerpatricia@example.net,Standard
1478,Thomas Baker,johnsonrobert@example.org,2024-06-04,Berlin,Germany,28.0,F,johnsonrobert@example.org,Standard
1479,Phillip Taylor,sandra03@example.com,2021-03-26,London,UK,26.0,M,sandra03@example.com,B
1480,Travis Strong,reedchad@example.com,2023-04-07,Manchester,UK,68.0,M,reedchad@example.com,A
1481,Lisa Miller,rpotts@example.net,2023-10-16,Manchester,UK,64.0,M,rpotts@example.net,Standard
1482,Andrew Romero,ryan43@example.org,2023-01-28,Munich,Germany,32.0,F,ryan43@example.org,C
1483,Allison Casey,amandadalton@example.net,2022-05-26,Munich,Germany,20.0,F,amandadalton@example.net,VIP
1484,Alicia Olson,scannon@example.org,2020-01-24,Bangkok,Thailand,16.0,F,scannon@example.org,Standard
1485,Jeffery Taylor,nwilson@example.com,2024-03-10,Manchester,UK,41.0,M,nwilson@example.com,B
1486,Greg Hull,jessechapman@example.org,2022-04-19,Sydney,Australia,42.0,F,jessechapman@example.org,C
1487,Paul Morton,ritteralexis@example.net,2022-03-04,Bangkok,Thailand,28.0,M,ritteralexis@example.net,Standard
1488,Anthony Brown,cwhite@example.com,2023-01-19,Singapore,Singapore,48.0,F,cwhite@example.com,Standard
1489,Matthew Sanchez,david67@example.net,2022-08-26,New York,USA,75.0,M,david67@example.net,B
1490,Billy Wright,troymoss@example.com,2023-07-24,,Thailand,56.0,M,troymoss@example.com,Standard
1491,Shannon Wallace,shelly84@example.net,2020-06-19,Chicago,USA,45.0,F,shelly84@example.net,A
1492,Steven Flores,brownrachel@example.net,2024-05-03,Paris,France,16.0,M,brownrachel@example.net,Standard
1493,Katelyn Miller,maureenmeyer@example.com,2021-03-25,Manchester,UK,73.0,M,maureenmeyer@example.com,Standard
1494,Christine Watson,barryyoung@example.com,2023-08-27,Chicago,USA,32.0,M,barryyoung@example.com,B
1495,Jordan Wilson,rhuff@example.com,2021-02-22,Bangkok,Thailand,35.0,Other,rhuff@example.com,VIP
1496,Elizabeth Hanna,ramirezchelsea@example.com,2019-07-02,Mumbai,India,56.0,M,ramirezchelsea@example.com,A
1497,James Wallace,jamielopez@example.com,2023-03-14,Vancouver,Canada,75.0,F,jamielopez@example.com,VIP
1498,Mary Johnson,sharon95@example.com,2023-07-30,Chicago,USA,16.0,F,sharon95@example.com,A
1498,Mary Johnson,sharon95@example.com,2023-07-30,Chicago,USA,16.0,F,sharon95@example.com,B
1499,Leslie Todd,jessica96@example.com,2022-09-02,Manchester,UK,62.0,F,jessica96@example.com,B
1500,Tanya Goodwin,transtephanie@example.net,2020-02-10,Chicago,USA,27.0,M,transtephanie@example.net,C
1501,William Nichols,karmstrong@example.net,2020-01-16,Toronto,Canada,19.0,F,karmstrong@example.net,VIP
1502,Tyler Mcdonald,davidsmith@example.net,2023-11-21,Bangkok,Thailand,44.0,M,davidsmith@example.net,C
1503,Angela Wright,matthew60@example.net,2019-06-13,Chicago,USA,21.0,F,matthew60@example.net,Standard
1504,Derrick King,martinezashley@example.com,2020-04-25,Paris,France,47.0,F,martinezashley@example.com,C
1505,Sarah Wallace,gonzalessteven@example.com,2024-05-10,Singapore,Singapore,58.0,F,gonzalessteven@example.com,A
1506,Dr. Daniel Brown,hillcheryl@example.com,2023-06-10,Munich,Germany,40.0,M,hillcheryl@example.com,Standard
1507,Jessica Scott,jordan72@example.org,2021-09-22,Bangkok,Thailand,64.0,F,jordan72@example.org,B
1508,Bridget Williamson,halldiamond@example.org,2020-12-03,Bangkok,Thailand,68.0,F,halldiamond@example.org,Standard
1509,Shannon Riley,tranjeremy@example.net,2019-04-28,Paris,France,71.0,F,tranjeremy@example.net,Standard
1510,Vanessa Smith DVM,amber09@example.org,2021-04-02,Melbourne,Australia,17.0,F,amber09@example.org,Standard
1511,Billy Wallace,youngmark@example.com,2023-03-19,Melbourne,Australia,39.0,M,youngmark@example.com,Standard
1512,Melanie Jones,jliu@example.org,2021-04-26,Munich,Germany,16.0,M,jliu@example.org,Standard
1513,Richard Rogers,xmerritt@example.com,2022-07-21,New York,USA,,F,xmerritt@example.com,Standard
1514,Elizabeth Johnson,bradley29@example.org,2020-04-23,Berlin,Germany,47.0,F,bradley29@example.org,Standard
1515,Daniel Edwards,shelby69@example.org,2024-04-07,Manchester,UK,58.0,M,shelby69@example.org,B
1516,Brittany Farmer,friedmansusan@example.org,2022-05-28,Vancouver,Canada,61.0,M,friedmansusan@example.org,Standard
1517,Yolanda Mccoy,hryan@example.net,2023-01-07,Mumbai,India,18.0,F,hryan@example.net,VIP
1518,Lisa Hopkins,mstewart@example.net,2022-01-28,Sydney,Australia,26.0,M,mstewart@example.net,Standard
1519,David Sanchez,jerry51@example.net,2020-05-08,Munich,Germany,29.0,M,jerry51@example.net,A
1520,Nicholas Beard,christopher88@example.org,2021-06-09,Los Angeles,USA,26.0,F,christopher88@example.org,B
1520,Nicholas Beard,christopher88@example.org,2021-06-09,Los Angeles,USA,26.0,F,christopher88@example.org,VIP
1521,Martha Jacobs,ohartman@example.net,2020-03-27,Vancouver,Canada,58.0,F,ohartman@example.net,Standard
1522,Victoria Frost,kimberlyrussell@example.net,2024-03-04,Chicago,USA,56.0,M,kimberlyrussell@example.net,A
1523,Lisa Flynn,lee16@example.com,2020-04-03,Mumbai,India,65.0,F,lee16@example.com,C
1524,Brittany Snyder,rachelwalter@example.org,2023-01-09,Bangkok,Thailand,57.0,M,rachelwalter@example.org,Standard
1525,Jason Cannon,inewton@example.org,2020-04-22,Singapore,Singapore,32.0,F,inewton@example.org,Standard
1526,Allison Jackson,andersonmichelle@example.com,2022-04-27,Melbourne,Australia,63.0,F,andersonmichelle@example.com,Standard
1527,Heather Morales,jenniferwilson@example.com,2024-05-07,London,UK,52.0,M,jenniferwilson@example.com,VIP
1528,Lisa Mcknight,jonessamantha@example.com,2023-10-01,Toronto,Canada,43.0,M,jonessamantha@example.com,VIP
1529,Lynn Yang,eroberts@example.net,2019-09-16,Singapore,Singapore,58.0,F,eroberts@example.net,Standard
1530,Clifford Cannon,hernandezalan@example.net,2023-10-12,Munich,Germany,36.0,M,hernandezalan@example.net,C
1531,Matthew Gray,uthompson@example.net,2022-10-24,Berlin,Germany,25.0,M,uthompson@example.net,A
1532,Raymond Hall,kpeterson@example.net,2023-08-23,Singapore,Singapore,54.0,M,kpeterson@example.net,VIP
1533,Lauren Anthony,ymitchell@example.com,2023-10-03,Vancouver,Canada,46.0,F,ymitchell@example.com,B
1534,Tiffany Williams,russellramirez@example.net,2019-05-01,Manchester,UK,25.0,M,russellramirez@example.net,Standard
1535,Gregory Martin,joshua73@example.org,2020-04-05,Singapore,Singapore,75.0,M,joshua73@example.org,Standard
1536,Thomas Zhang,middletonelizabeth@example.org,2020-09-04,Manchester,UK,17.0,M,middletonelizabeth@example.org,A
1537,Juan Romero,anthonyorr@example.net,2023-04-01,London,UK,41.0,F,anthonyorr@example.net,Standard
1538,Chloe Freeman,woodjuan@example.net,2020-02-04,Bangkok,Thailand,41.0,M,woodjuan@example.net,Standard
1539,Jeremy Martinez,hphillips@example.net,2023-07-07,Mumbai,India,70.0,M,hphillips@example.net,VIP
1540,Sarah Wallace,fsnyder@example.org,2019-10-09,Paris,France,60.0,F,fsnyder@example.org,Standard
1541,Monique Wilson MD,garnerjeffrey@example.org,2023-03-13,Singapore,Singapore,63.0,M,garnerjeffrey@example.org,Standard
1542,Jonathon Hill,mannleroy@example.org,2022-10-21,Los Angeles,USA,40.0,M,mannleroy@example.org,A
1543,Timothy Bauer,james80@example.net,2019-04-26,Bangkok,Thailand,38.0,F,james80@example.net,C
1544,Danielle Willis,emilybaker@example.org,2022-08-24,Munich,Germany,53.0,M,emilybaker@example.org,Standard
1545,Mr. Jonathan Anderson,tapiamercedes@example.net,2019-03-11,Toronto,Canada,31.0,M,tapiamercedes@example.net,C
1546,Jeffrey Henry,christina93@example.net,2022-08-29,Chicago,USA,65.0,M,christina93@example.net,C
1547,Joseph Best,mary47@example.com,2021-08-07,Singapore,Singapore,40.0,F,mary47@example.com,Standard
1548,Jenna Howard,ophillips@example.org,2019-08-27,Los Angeles,USA,23.0,M,ophillips@example.org,Standard
1549,Stephanie Gallagher,umontes@example.org,2022-04-16,New York,USA,52.0,F,umontes@example.org,B
1550,Audrey Marshall,donna56@example.net,2020-01-06,Paris,France,46.0,F,donna56@example.net,Standard
1551,Stephen Larsen,rburke@example.org,2019-07-23,Chicago,USA,20.0,M,rburke@example.org,Standard
1552,Derek Lewis,xbrown@example.com,2023-07-23,Manchester,UK,41.0,M,xbrown@example.com,Standard
1553,Evan Myers,qcoleman@example.org,2019-05-11,Berlin,Germany,69.0,M,qcoleman@example.org,Standard
1554,Nicholas Morgan,parkerrobert@example.net,2023-03-24,Los Angeles,USA,58.0,M,parkerrobert@example.net,Standard
1555,Kimberly Chan,gouldchristina@example.com,2019-01-11,Chicago,USA,44.0,F,gouldchristina@example.com,VIP
1556,Joshua Clements,langchristopher@example.net,2022-08-29,Toronto,Canada,21.0,F,langchristopher@example.net,VIP
1557,Harold Miranda,penaapril@example.com,2021-11-02,Los Angeles,USA,39.0,,penaapril@example.com,A
1558,Victoria Massey,oheath@example.com,2019-01-01,Sydney,Australia,,M,oheath@example.com,B
1559,Susan Rivera,angelawright@example.org,2022-09-11,Vancouver,Canada,44.0,F,angelawright@example.org,Standard
1560,Alejandro Bentley,masonlacey@example.org,2020-12-22,Bangkok,Thailand,50.0,M,masonlacey@example.org,Standard
1561,Eric Hall,arthurbrady@example.com,2020-04-30,New York,USA,28.0,F,arthurbrady@example.com,Standard
1562,Bonnie Yang,michelle11@example.net,2022-05-18,Chicago,USA,29.0,M,michelle11@example.net,Standard
1563,Pamela Perry,newtonamber@example.org,2019-06-02,Manchester,UK,32.0,F,newtonamber@example.org,VIP
1564,Kevin Myers,kristen68@example.net,2019-06-20,Berlin,Germany,59.0,M,kristen68@example.net,Standard
1565,Donald Harris,tanya97@example.com,2022-07-13,Los Angeles,USA,56.0,F,tanya97@example.com,B
1566,Brandon Rasmussen,timothy88@example.org,2022-08-19,Sydney,Australia,54.0,F,timothy88@example.org,VIP
1567,Willie Luna,kathryn17@example.org,2021-06-07,Singapore,Singapore,17.0,F,kathryn17@example.org,B
1568,Allison Wise,kwood@example.org,2019-08-14,Munich,Germany,42.0,F,kwood@example.org,VIP
1569,Evelyn Pacheco,davisgary@example.com,2023-05-13,London,UK,25.0,F,davisgary@example.com,C
1570,Angela Powell,kmills@example.org,2024-06-28,Manchester,UK,40.0,F,kmills@example.org,A
1571,Johnny Jenkins,mary05@example.net,2023-01-31,Munich,Germany,53.0,M,mary05@example.net,A
1572,Jennifer Smith,karinorton@example.net,2022-03-17,Melbourne,Australia,51.0,F,karinorton@example.net,A
1573,Dr. David Murray MD,morseronald@example.org,2024-04-22,London,UK,27.0,,morseronald@example.org,Standard
1574,Peter Martin,martinsamuel@example.org,2022-02-03,Munich,Germany,72.0,F,martinsamuel@example.org,Standard
1575,Jeff Jackson,jtaylor@example.com,2022-11-07,New York,USA,61.0,F,jtaylor@example.com,Standard
1576,Edward Graham,jennifer48@example.com,2020-07-01,Melbourne,Australia,74.0,M,jennifer48@example.com,Standard
1577,Jacqueline Santos,kellycohen@example.net,2022-10-20,Toronto,Canada,42.0,,kellycohen@example.net,Standard
1578,Jacqueline Munoz,vford@example.net,2021-08-17,Singapore,Singapore,34.0,Other,vford@example.net,VIP
1579,Sarah Taylor,asmith@example.org,2024-03-06,Bangkok,Thailand,35.0,F,asmith@example.org,VIP
1580,Austin Rowland,jacqueline31@example.net,2020-10-02,Singapore,Singapore,56.0,Other,jacqueline31@example.net,C
1581,Brandon Weber,carlfields@example.org,2022-03-24,Chicago,USA,21.0,M,carlfields@example.org,Standard
1582,Adrian Lee,lori69@example.net,2019-01-22,Mumbai,India,59.0,M,lori69@example.net,A
1583,Marcus Powell,ann31@example.net,2022-11-04,,Germany,60.0,F,ann31@example.net,Standard
1584,Nicholas Ramirez,anne28@example.net,2023-03-08,Mumbai,India,61.0,F,anne28@example.net,Standard
1585,Janet Johnston,tammy97@example.org,2022-09-16,Melbourne,Australia,59.0,,tammy97@example.org,Standard
1586,Richard Hays,noblechristina@example.org,2024-03-20,Sydney,Australia,73.0,M,noblechristina@example.org,C
1587,Shannon Morris,taylorlindsay@example.com,2020-12-24,Munich,Germany,43.0,,taylorlindsay@example.com,Standard
1588,Erin Mason,allenphillip@example.com,2024-02-15,London,UK,69.0,F,allenphillip@example.com,A
1588,Erin Mason,allenphillip@example.com,2024-02-15,London,UK,69.0,F,allenphillip@example.com,A
1589,Heather Roberson,alyssa93@example.org,2021-09-16,Vancouver,Canada,32.0,M,alyssa93@example.org,Standard
1590,Sandra Dawson,fcastro@example.net,2024-03-05,Toronto,Canada,75.0,M,fcastro@example.net,Standard
1591,Melissa Grant,lpearson@example.org,2024-03-30,New York,USA,73.0,F,lpearson@example.org,VIP
1592,Savannah Townsend,jessica39@example.net,2021-07-31,,France,35.0,M,jessica39@example.net,C
1593,Tammie Lee,harold03@example.com,2021-04-03,Chicago,USA,16.0,F,harold03@example.com,Standard
1594,Cory Willis,clinton54@example.net,2024-01-15,Munich,Germany,42.0,F,clinton54@example.net,Standard
1595,Lisa Johnson,darlene60@example.net,2020-05-27,Sydney,Australia,46.0,F,darlene60@example.net,Standard
1596,Denise Brown,roysara@example.net,2022-01-03,Chicago,USA,22.0,F,roysara@example.net,A
1597,Katherine Wells,johnsonanthony@example.net,2020-12-25,Chicago,USA,16.0,F,johnsonanthony@example.net,A
1598,Noah Pitts,christopherflowers@example.org,2020-08-06,Toronto,Canada,24.0,M,christopherflowers@example.org,Standard
1599,Mark Brown,hodgejoshua@example.org,2022-09-26,Chicago,USA,46.0,F,hodgejoshua@example.org,B
1600,Nancy Cook,rachael29@example.net,2022-01-31,Berlin,Germany,67.0,M,rachael29@example.net,B
1601,Kelli Shepard,qbutler@example.net,2023-12-11,Singapore,Singapore,48.0,M,qbutler@example.net,VIP
1601,Kelli Shepard,qbutler@example.net,2023-12-11,Singapore,Singapore,48.0,M,qbutler@example.net,A
1602,Corey Juarez,jessicamiller@example.com,2019-08-13,Chicago,USA,,M,jessicamiller@example.com,Standard
1603,Lee Barker,vthompson@example.org,2022-11-02,Singapore,Singapore,19.0,,vthompson@example.org,Standard
1604,Justin Wilson,scarroll@example.org,2019-01-17,Melbourne,Australia,46.0,M,scarroll@example.org,Standard
1605,Julie Wilson,whitechristopher@example.com,2022-06-18,Toronto,Canada,62.0,M,whitechristopher@example.com,B
1606,Tracy Wang,robinsonnicholas@example.org,2020-06-23,Mumbai,India,58.0,M,robinsonnicholas@example.org,VIP
1607,Terri Parker,julierojas@example.com,2019-07-31,Singapore,Singapore,55.0,M,julierojas@example.com,Standard
1608,Michael Thompson,annettegutierrez@example.org,2019-11-01,Sydney,Australia,23.0,,annettegutierrez@example.org,VIP
1609,Curtis Krause,heidi41@example.com,2019-10-27,Bangkok,Thailand,17.0,F,heidi41@example.com,VIP
1610,Jack Barton,rgallegos@example.org,2021-12-11,Manchester,UK,60.0,F,rgallegos@example.org,C
1611,Ruben Cruz,victoriahamilton@example.net,2019-05-06,Berlin,Germany,43.0,F,victoriahamilton@example.net,VIP
1612,Rebecca Clark,christopher34@example.org,2024-04-15,Vancouver,Canada,61.0,F,christopher34@example.org,Standard
1613,Andre Wilson,thomasmcdonald@example.com,2019-01-02,New York,USA,58.0,M,thomasmcdonald@example.com,Standard
1614,James Chapman,morrisdaniel@example.com,2022-05-27,Bangkok,Thailand,43.0,F,morrisdaniel@example.com,Standard
1615,Aimee Fisher,matthew12@example.com,2019-08-17,Vancouver,Canada,,M,matthew12@example.com,Standard
1616,John Lopez,gonzaleschristina@example.net,2021-01-08,London,UK,63.0,F,gonzaleschristina@example.net,VIP
1617,Jessica Ross,johnnybrooks@example.com,2020-07-19,Sydney,Australia,53.0,F,johnnybrooks@example.com,Standard
1618,Mr. Andrew Hickman,kathrynsantana@example.net,2022-05-17,Melbourne,Australia,18.0,M,kathrynsantana@example.net,Standard
1619,Jeffery Adams,kwatkins@example.net,2020-01-31,Toronto,Canada,75.0,M,kwatkins@example.net,C
1620,Eric Carlson,stephaniebradley@example.org,2023-01-25,Vancouver,Canada,64.0,F,stephaniebradley@example.org,Standard
1621,Gary Choi,parkerkatie@example.com,2021-05-06,Toronto,Canada,61.0,M,parkerkatie@example.com,B
1622,Christopher Smith,jamesjackson@example.com,2022-02-21,Bangkok,Thailand,73.0,F,jamesjackson@example.com,B
1623,David Harris,ramseyeric@example.net,2019-05-19,Manchester,UK,42.0,M,ramseyeric@example.net,VIP
1624,Jacqueline Woods,cory86@example.net,2022-05-12,Chicago,USA,60.0,,cory86@example.net,Standard
1625,John Bennett,wmccarthy@example.org,2023-06-15,New York,USA,63.0,M,wmccarthy@example.org,Standard
1626,Fernando Mcconnell,smejia@example.net,2024-06-12,Munich,Germany,26.0,M,smejia@example.net,C
1627,Jessica Long,reedelizabeth@example.net,2021-03-31,,UK,33.0,M,reedelizabeth@example.net,C
1628,Stephen Thompson,mikemorgan@example.org,2022-11-27,Paris,France,72.0,M,mikemorgan@example.org,A
1629,Nicole Melendez,devinlopez@example.org,2021-12-11,Melbourne,Australia,35.0,F,devinlopez@example.org,Standard
1630,Brandon Cruz,ronaldmitchell@example.com,2019-12-17,Los Angeles,USA,18.0,M,ronaldmitchell@example.com,VIP
1631,Karen Green,zwhite@example.net,2020-07-22,Bangkok,Thailand,33.0,,zwhite@example.net,A
1632,Ashley Drake,gina16@example.org,2020-03-06,Mumbai,India,,M,gina16@example.org,Standard
1633,Carl Hunter,psmith@example.net,2020-10-26,London,UK,61.0,F,psmith@example.net,B
1634,Raymond Turner,judy19@example.com,2022-06-06,Bangkok,Thailand,36.0,F,judy19@example.com,Standard
1635,Priscilla Joseph,daniel26@example.net,2020-03-25,,UK,27.0,M,daniel26@example.net,Standard
1636,Sheila Miller,rogerssarah@example.net,2023-05-13,Mumbai,India,22.0,Other,rogerssarah@example.net,Standard
1637,Jose Mendez,dgraham@example.com,2023-11-17,Vancouver,Canada,56.0,F,dgraham@example.com,Standard
1638,Sean Stevens,smallgina@example.com,2020-07-04,London,UK,53.0,F,smallgina@example.com,B
1639,Michael Wang,danielsguy@example.com,2020-04-19,Berlin,Germany,39.0,M,danielsguy@example.com,Standard
1640,Jeremy Evans,larsonmichael@example.org,2020-01-14,Berlin,Germany,28.0,F,larsonmichael@example.org,Standard
1641,Jennifer Thompson,martinezduane@example.com,2019-02-13,Vancouver,Canada,26.0,M,martinezduane@example.com,Standard
1642,Donald Bonilla,samanthaberger@example.net,2019-05-23,Toronto,Canada,20.0,M,samanthaberger@example.net,Standard
1643,Laura Williams,nathan29@example.net,2019-07-25,Manchester,UK,24.0,M,nathan29@example.net,VIP
1644,Sonia Reyes,morgandana@example.com,2021-02-25,Manchester,UK,23.0,M,morgandana@example.com,Standard
1645,Alex Clements,jennifer16@example.org,2019-09-28,New York,USA,65.0,M,jennifer16@example.org,Standard
1646,Laura Cooley,heatherwilliams@example.net,2023-06-11,New York,USA,66.0,F,heatherwilliams@example.net,Standard
1647,Philip Kim,joshuapowers@example.net,2019-06-24,Melbourne,Australia,24.0,F,joshuapowers@example.net,Standard
1648,Christopher Mitchell,russellandrew@example.com,2020-09-21,Chicago,USA,46.0,M,russellandrew@example.com,Standard
1649,Denise Ford,colton30@example.net,2022-01-18,Sydney,Australia,17.0,F,colton30@example.net,C
1649,Denise Ford,colton30@example.net,2022-01-18,Sydney,Australia,17.0,F,colton30@example.net,Standard
1650,Arthur Roberts,omatthews@example.net,2023-12-21,Munich,Germany,,F,omatthews@example.net,C
1651,James Spears,cooperluis@example.com,2019-10-29,Manchester,UK,57.0,M,cooperluis@example.com,Standard
1652,Scott Porter,emilyscott@example.org,2023-12-16,Sydney,Australia,47.0,F,emilyscott@example.org,Standard
1653,Laura Miller,whoffman@example.org,2021-01-01,Vancouver,Canada,55.0,Other,whoffman@example.org,Standard
1654,William Wood,karen77@example.org,2024-01-09,Los Angeles,USA,54.0,F,karen77@example.org,Standard
1655,Kevin Weber,wperry@example.org,2022-10-23,Chicago,USA,25.0,M,wperry@example.org,Standard
1656,Diane Manning,nicholasmedina@example.com,2020-12-14,Vancouver,Canada,33.0,Other,nicholasmedina@example.com,A
1657,Sarah Davis,jasonrodriguez@example.com,2024-02-01,Singapore,Singapore,,F,jasonrodriguez@example.com,B
1658,Christopher Waters,wpierce@example.org,2019-10-28,Sydney,Australia,25.0,M,wpierce@example.org,Standard
1659,Kyle Flores,crystal58@example.net,2023-07-27,Berlin,Germany,23.0,F,crystal58@example.net,C
1659,Kyle Flores,crystal58@example.net,2023-07-27,Berlin,Germany,23.0,F,crystal58@example.net,C
1660,Courtney Powell,cmitchell@example.org,2020-10-23,Los Angeles,USA,27.0,M,cmitchell@example.org,Standard
1661,Cassandra Roberts,kathryn21@example.com,2022-11-21,Berlin,Germany,54.0,M,kathryn21@example.com,B
1662,Jennifer Barnes,danamontgomery@example.org,2024-03-02,Sydney,Australia,40.0,M,danamontgomery@example.org,A
1663,Kathy Miller,udougherty@example.net,2022-01-03,Munich,Germany,40.0,M,udougherty@example.net,Standard
1664,Keith Kennedy,craneandrew@example.net,2022-11-21,Singapore,Singapore,60.0,F,craneandrew@example.net,Standard
1665,Martha Arnold,melissamartin@example.com,2019-02-05,Mumbai,India,51.0,F,melissamartin@example.com,Standard
1666,Cynthia Kennedy,marcuscarter@example.org,2020-12-16,Bangkok,Thailand,70.0,F,marcuscarter@example.org,VIP
1667,Joel Sanchez,yfritz@example.org,2019-10-23,Berlin,Germany,75.0,M,yfritz@example.org,Standard
1668,Kathryn Rodriguez,monica23@example.com,2023-03-10,New York,USA,23.0,F,monica23@example.com,Standard
1669,Andrea Goodman,ecamacho@example.com,2022-11-26,New York,USA,,M,ecamacho@example.com,C
1670,Jason Green,baldwincatherine@example.net,2023-09-12,Berlin,Germany,71.0,F,baldwincatherine@example.net,Standard
1671,Jessica Carey,carterraymond@example.net,2019-06-07,Toronto,Canada,52.0,M,carterraymond@example.net,Standard
1672,Heidi Moran,hpatterson@example.org,2023-03-03,Berlin,Germany,63.0,M,hpatterson@example.org,Standard
1673,Dennis Bryan,bowenmichael@example.net,2020-11-21,,Australia,66.0,F,bowenmichael@example.net,Standard
1674,Thomas Pope,josephrivera@example.net,2023-12-10,New York,USA,18.0,F,josephrivera@example.net,Standard
1675,Steven Vasquez,katherinepeterson@example.net,2023-09-02,Manchester,UK,59.0,M,katherinepeterson@example.net,Standard
1676,Richard Lyons,brooke22@example.net,2024-02-26,Vancouver,Canada,48.0,Other,brooke22@example.net,B
1677,Daniel Wood,jennifer42@example.net,2024-06-15,Vancouver,Canada,49.0,M,jennifer42@example.net,Standard
1678,Karen Gonzales,eric22@example.net,2022-06-21,Manchester,UK,30.0,,eric22@example.net,Standard
1679,James Walsh,rosalesbrandy@example.org,2023-09-20,Paris,France,68.0,M,rosalesbrandy@example.org,Standard
1680,Deanna Griffith,kwoods@example.com,2023-08-22,Manchester,UK,,F,kwoods@example.com,B
1681,Laurie Mason,nicholas72@example.net,2019-08-11,Vancouver,Canada,20.0,F,nicholas72@example.net,Standard
1681,Laurie Mason,nicholas72@example.net,2019-08-11,Vancouver,Canada,20.0,F,nicholas72@example.net,VIP
1682,Mr. James Barnett,petersonkyle@example.org,2020-07-31,Toronto,Canada,50.0,F,petersonkyle@example.org,C
1683,Lee Daniel,santosmichael@example.com,2020-09-25,Bangkok,Thailand,51.0,F,santosmichael@example.com,B
1684,Margaret Smith,judithcox@example.org,2024-06-23,Los Angeles,USA,,M,judithcox@example.org,Standard
1685,Brett Rivera,nelsonsuzanne@example.net,2020-10-06,New York,USA,,F,nelsonsuzanne@example.net,Standard
1686,Angela Yates,pknight@example.org,2021-10-21,Manchester,UK,36.0,,pknight@example.org,VIP
1687,Patrick Norris,jeremylove@example.org,2022-10-13,Melbourne,Australia,37.0,F,jeremylove@example.org,C
1688,Lee Arnold,pauljessica@example.org,2023-05-07,Singapore,Singapore,17.0,M,pauljessica@example.org,Standard
1689,Brandi Turner,jeremywillis@example.net,2019-03-18,Mumbai,India,26.0,M,jeremywillis@example.net,Standard
1690,Brett Keith,florescynthia@example.org,2024-05-05,Los Angeles,USA,72.0,F,florescynthia@example.org,Standard
1691,Jeremy Alvarez,danielsjason@example.com,2019-11-26,Melbourne,Australia,49.0,M,danielsjason@example.com,Standard
1692,Adam Jordan,cortezscott@example.net,2020-11-30,Singapore,Singapore,66.0,M,cortezscott@example.net,Standard
1693,Robert Mendez,qgay@example.com,2019-03-23,Manchester,UK,31.0,F,qgay@example.com,C
1694,Katherine Thompson,ppalmer@example.com,2022-03-07,,USA,47.0,M,ppalmer@example.com,Standard
1695,Joseph Peterson,connie12@example.com,2022-01-25,Vancouver,Canada,47.0,Other,connie12@example.com,VIP
1696,Steven Hicks,emartin@example.com,2019-05-20,Chicago,USA,52.0,F,emartin@example.com,Standard
1697,Anna Atkins,dana82@example.org,2021-08-01,Singapore,Singapore,46.0,F,dana82@example.org,Standard
1698,Pamela Lewis,luke87@example.org,2019-10-15,Bangkok,Thailand,52.0,F,luke87@example.org,C
1699,Tanya Clark,mariolee@example.com,2023-10-22,Manchester,UK,74.0,M,mariolee@example.com,A
1700,Sarah Bishop,markblack@example.com,2024-05-03,Paris,France,39.0,F,markblack@example.com,VIP
1701,Rachel Chan,jeremy47@example.com,2023-11-29,Bangkok,Thailand,55.0,M,jeremy47@example.com,A
1702,Eric Acosta,shannon69@example.com,2023-08-09,Melbourne,Australia,16.0,F,shannon69@example.com,VIP
1703,Abigail Case,schmittmichael@example.org,2021-03-28,Paris,France,30.0,F,schmittmichael@example.org,C
1704,Pamela Smith,jasonmoran@example.com,2021-08-17,Berlin,Germany,50.0,F,jasonmoran@example.com,A
1705,Allison Simmons,jnguyen@example.net,2019-08-10,Melbourne,Australia,65.0,F,jnguyen@example.net,Standard
1706,Daniel Shaw,daniel32@example.com,2022-05-22,London,UK,29.0,F,daniel32@example.com,C
1707,Teresa Watkins,harringtonpeter@example.net,2022-01-21,New York,USA,46.0,M,harringtonpeter@example.net,B
1708,Mr. Lawrence Brooks,brownmatthew@example.net,2023-05-05,Paris,France,19.0,F,brownmatthew@example.net,Standard
1709,Thomas Rodriguez,nicolejones@example.net,2020-03-13,Berlin,Germany,29.0,M,nicolejones@example.net,Standard
1710,Christian Hernandez,audrey81@example.com,2020-05-31,Vancouver,Canada,27.0,F,audrey81@example.com,C
1711,Kenneth Farmer,angela40@example.org,2023-11-25,Vancouver,Canada,71.0,M,angela40@example.org,Standard
1712,Andrea Hartman,susan57@example.net,2023-08-28,Chicago,USA,21.0,,susan57@example.net,VIP
1713,Cathy Mcdonald,mcox@example.net,2019-12-03,Vancouver,Canada,38.0,M,mcox@example.net,A
1714,Deanna Munoz,taylordawn@example.com,2019-11-26,Singapore,Singapore,38.0,M,taylordawn@example.com,C
1715,John Williams,durhamwilliam@example.org,2023-05-23,Munich,Germany,28.0,M,durhamwilliam@example.org,C
1716,Whitney Moyer,kristy74@example.net,2022-09-22,London,UK,16.0,F,kristy74@example.net,C
1717,Austin Jones,mccannkimberly@example.net,2020-10-10,Mumbai,India,66.0,M,mccannkimberly@example.net,VIP
1718,Jose York,mbishop@example.org,2021-07-11,New York,USA,56.0,F,mbishop@example.org,Standard
1719,Jessica Hill,vpreston@example.org,2023-03-08,Toronto,Canada,42.0,M,vpreston@example.org,Standard
1720,Angel Holland,shawn60@example.com,2020-12-13,Toronto,Canada,28.0,F,shawn60@example.com,B
1721,Abigail Clayton,smithmarcus@example.org,2021-01-15,Mumbai,India,35.0,M,smithmarcus@example.org,B
1722,Daniel Craig,amanda39@example.com,2021-10-19,Melbourne,Australia,45.0,M,amanda39@example.com,Standard
1723,Michelle Ray,kendraharris@example.org,2021-12-07,Manchester,UK,23.0,F,kendraharris@example.org,Standard
1724,Joseph Blackburn,chanamber@example.org,2022-05-03,Munich,Germany,50.0,M,chanamber@example.org,VIP
1725,Ethan Hall,jamesmartin@example.com,2021-06-14,Sydney,Australia,34.0,M,jamesmartin@example.com,Standard
1726,Thomas Barton,taylorrachel@example.com,2019-06-29,Los Angeles,USA,21.0,F,taylorrachel@example.com,VIP
1727,Travis Johnson,omargriffin@example.com,2023-03-16,Berlin,Germany,75.0,M,omargriffin@example.com,Standard
1728,Ray Lawrence,davisgregory@example.net,2019-03-08,Singapore,Singapore,70.0,F,davisgregory@example.net,Standard
1729,Barbara Sherman,shepardjoy@example.com,2019-08-23,Manchester,UK,70.0,,shepardjoy@example.com,B
1730,Emily Lee,marshmichael@example.com,2021-08-08,Bangkok,Thailand,74.0,M,marshmichael@example.com,Standard
1731,Theresa Smith,zlara@example.org,2024-04-08,New York,USA,66.0,M,zlara@example.org,Standard
1732,Tracy Copeland,pbautista@example.com,2020-09-21,Vancouver,Canada,59.0,F,pbautista@example.com,A
1733,Michael Santos,bliu@example.com,2019-02-23,New York,USA,66.0,M,bliu@example.com,A
1734,Stephanie Williams,gregorysmith@example.net,2020-10-12,Paris,France,26.0,F,gregorysmith@example.net,A
1735,Michael Farmer,carlsonjason@example.net,2020-01-30,Manchester,UK,57.0,Other,carlsonjason@example.net,B
1736,Jacqueline Perry,robertthompson@example.net,2019-09-21,Manchester,UK,40.0,M,robertthompson@example.net,Standard
1737,Natalie Patrick,michaelbuckley@example.org,2019-11-21,Munich,Germany,30.0,M,michaelbuckley@example.org,Standard
1738,Damon Powell,regina49@example.com,2022-03-27,Sydney,Australia,69.0,M,regina49@example.com,A
1739,Alexander Johnson,jjohnson@example.com,2024-04-26,,USA,29.0,F,jjohnson@example.com,VIP
1740,James George,ericsmith@example.org,2022-04-30,Singapore,Singapore,17.0,,ericsmith@example.org,Standard
1741,William Rodriguez,amarshall@example.net,2021-02-22,Paris,France,63.0,M,amarshall@example.net,Standard
1742,Scott Pacheco,collinsterrance@example.com,2021-01-03,Singapore,Singapore,31.0,F,collinsterrance@example.com,C
1743,Matthew Diaz,woodskaitlyn@example.net,2020-05-17,Mumbai,India,65.0,F,woodskaitlyn@example.net,VIP
1744,Daniel Anderson,jeremiahmiller@example.org,2022-07-08,Chicago,USA,56.0,F,jeremiahmiller@example.org,Standard
1745,Diane Gilbert,jeremylopez@example.net,2022-05-05,Bangkok,Thailand,22.0,F,jeremylopez@example.net,VIP
1746,Michael Murray,kathleen25@example.com,2021-10-09,Los Angeles,USA,74.0,M,kathleen25@example.com,Standard
1747,Charles Doyle,adkinslauren@example.net,2021-04-27,New York,USA,47.0,M,adkinslauren@example.net,Standard
1748,Craig White,cynthiaconley@example.org,2023-12-28,Manchester,UK,56.0,F,cynthiaconley@example.org,Standard
1749,Frank Armstrong,mmathews@example.net,2024-01-25,New York,USA,58.0,F,mmathews@example.net,A
1749,Frank Armstrong,mmathews@example.net,2024-01-25,New York,USA,58.0,F,mmathews@example.net,B
1750,Tricia Sullivan,shawnbaker@example.com,2020-12-11,,UK,55.0,M,shawnbaker@example.com,Standard
1751,Douglas Mack,matthew24@example.com,2024-03-12,Vancouver,Canada,28.0,M,matthew24@example.com,B
1752,Katherine Dunn,barnettmatthew@example.net,2019-11-09,Singapore,Singapore,71.0,F,barnettmatthew@example.net,C
1753,Richard Simmons,oconnelldavid@example.org,2020-03-26,Chicago,USA,62.0,F,oconnelldavid@example.org,A
1754,Sandra Martinez,david54@example.com,2024-05-06,Toronto,Canada,38.0,M,david54@example.com,Standard
1755,William Miller,raymondpugh@example.net,2021-10-12,Singapore,Singapore,48.0,F,raymondpugh@example.net,A
1756,Ryan Walker,gonzalezjulie@example.net,2022-11-08,Toronto,Canada,41.0,M,gonzalezjulie@example.net,Standard
1757,Brittany Heath,mcbridemichael@example.org,2023-06-15,Chicago,USA,62.0,F,mcbridemichael@example.org,Standard
1758,Yolanda Jackson,craigmartin@example.net,2020-07-10,Melbourne,Australia,55.0,F,craigmartin@example.net,B
1759,Courtney Arias,amberfriedman@example.com,2021-02-04,London,UK,68.0,F,amberfriedman@example.com,A
1760,Diana Haley,hphillips@example.com,2020-06-02,Munich,Germany,42.0,M,hphillips@example.com,A
1761,Julie Taylor,aaron48@example.net,2020-12-22,Munich,Germany,17.0,F,aaron48@example.net,A
1762,Thomas Austin,brownrobert@example.org,2021-01-02,Chicago,USA,20.0,F,brownrobert@example.org,Standard
1763,Mr. William Bray,petermoore@example.com,2019-09-08,London,UK,36.0,F,petermoore@example.com,A
1764,Corey Flowers,perezstacy@example.org,2023-06-17,Paris,France,73.0,F,perezstacy@example.org,B
1765,Becky Singh,jamiethomas@example.com,2021-12-15,Toronto,Canada,22.0,Other,jamiethomas@example.com,Standard
1766,Alexandra Wilson,alexandria97@example.org,2023-10-28,Singapore,Singapore,52.0,M,alexandria97@example.org,Standard
1767,Elizabeth Martinez,whernandez@example.net,2023-07-24,London,UK,28.0,M,whernandez@example.net,B
1768,Dillon Travis,qmassey@example.org,2021-05-12,Vancouver,Canada,23.0,M,qmassey@example.org,B
1769,Jessica Jackson,oblake@example.net,2022-03-26,Toronto,Canada,,M,oblake@example.net,VIP
1770,Zachary Morrison,john76@example.com,2024-02-11,New York,USA,34.0,F,john76@example.com,B
1771,Brian Carrillo,rebecca85@example.com,2024-02-24,,Germany,18.0,M,rebecca85@example.com,Standard
1772,Danielle Kelly,garcialinda@example.org,2023-07-02,Mumbai,India,62.0,F,garcialinda@example.org,Standard
1773,Connie Hamilton,dalton78@example.net,2022-02-13,Los Angeles,USA,47.0,M,dalton78@example.net,A
1774,Jamie Stone,gwilliams@example.net,2021-10-07,Berlin,Germany,74.0,M,gwilliams@example.net,Standard
1775,Maria Garcia,wilsonkathryn@example.com,2020-04-03,New York,USA,,F,wilsonkathryn@example.com,Standard
1776,Michelle Munoz,chiggins@example.com,2023-01-23,Melbourne,Australia,30.0,M,chiggins@example.com,B
1777,Jessica Murray,bentleylisa@example.net,2023-07-30,London,UK,16.0,F,bentleylisa@example.net,Standard
1778,Jessica Odonnell,ashleyjohnson@example.com,2019-03-30,Singapore,Singapore,19.0,F,ashleyjohnson@example.com,Standard
1779,Thomas Pham,qatkinson@example.com,2023-06-10,Paris,France,33.0,M,qatkinson@example.com,Standard
1780,Hailey Beltran,joshuabowers@example.com,2019-09-16,Los Angeles,USA,71.0,M,joshuabowers@example.com,B
1781,William Baker,jasontownsend@example.net,2021-04-26,Bangkok,Thailand,44.0,F,jasontownsend@example.net,Standard
1782,Natalie Mullins,megangates@example.com,2022-09-16,Berlin,Germany,33.0,F,megangates@example.com,A
1783,Joshua Trujillo,leslietorres@example.net,2023-04-19,Vancouver,Canada,61.0,M,leslietorres@example.net,Standard
1784,Jared Howell,katherineharris@example.net,2022-08-18,Sydney,Australia,60.0,F,katherineharris@example.net,VIP
1785,Mr. Jeffrey Ward,susanmorris@example.org,2022-10-05,New York,USA,45.0,F,susanmorris@example.org,Standard
1786,Eric Hunter,katherine82@example.com,2023-07-26,Toronto,Canada,64.0,M,katherine82@example.com,VIP
1787,Angela Davis,jphelps@example.net,2022-12-22,Vancouver,Canada,57.0,M,jphelps@example.net,Standard
1788,Hector Anderson,vgarcia@example.com,2024-02-21,Toronto,Canada,40.0,M,vgarcia@example.com,VIP
1789,Tricia Nguyen,elizabethhill@example.com,2021-03-30,Singapore,Singapore,20.0,F,elizabethhill@example.com,Standard
1790,Michael Robinson,scottcain@example.org,2022-03-28,Mumbai,India,22.0,M,scottcain@example.org,B
1791,David Smith,amassey@example.net,2019-02-03,Toronto,Canada,27.0,M,amassey@example.net,VIP
1792,Laura Gutierrez,yburton@example.net,2020-06-27,London,UK,75.0,F,yburton@example.net,Standard
1793,Robert Cox,ryan53@example.com,2021-10-25,Manchester,UK,48.0,F,ryan53@example.com,Standard
1794,Angela Steele,michelle38@example.net,2022-08-21,New York,USA,62.0,F,michelle38@example.net,Standard
1795,William Mueller,gnichols@example.net,2022-05-01,Chicago,USA,49.0,F,gnichols@example.net,Standard
1796,Gregory Park,stevenandrews@example.org,2022-08-16,New York,USA,23.0,F,stevenandrews@example.org,Standard
1797,Jeffrey Garza,bentongeorge@example.net,2020-05-03,Vancouver,Canada,50.0,M,bentongeorge@example.net,VIP
1798,Matthew Huang,jdillon@example.org,2021-04-08,Melbourne,Australia,41.0,M,jdillon@example.org,Standard
1799,Ana Higgins,stacey09@example.com,2021-10-11,Vancouver,Canada,26.0,F,stacey09@example.com,B
1799,Ana Higgins,stacey09@example.com,2021-10-11,Vancouver,Canada,26.0,F,stacey09@example.com,C
1800,Phillip Anderson,clewis@example.com,2020-08-12,Paris,France,22.0,M,clewis@example.com,A
1801,Megan Rivera,ithomas@example.net,2020-09-17,Melbourne,Australia,26.0,F,ithomas@example.net,C
1802,Shari Arellano,josephmichael@example.org,2021-07-21,Bangkok,Thailand,16.0,F,josephmichael@example.org,B
1803,Andrea Brown,ucross@example.org,2023-12-10,Vancouver,Canada,26.0,M,ucross@example.org,Standard
1804,Kyle Blake,maryjohnson@example.com,2022-04-09,Berlin,Germany,47.0,F,maryjohnson@example.com,VIP
1805,Evelyn Davis,rberry@example.com,2022-03-07,New York,USA,69.0,M,rberry@example.com,Standard
1806,Jane Wells,isaac45@example.org,2019-07-12,Singapore,Singapore,35.0,M,isaac45@example.org,B
1807,Sherry Porter,jorgegonzalez@example.com,2022-01-22,London,UK,58.0,F,jorgegonzalez@example.com,Standard
1808,Miss Gina Walton,andrew90@example.net,2020-09-08,London,UK,73.0,M,andrew90@example.net,Standard
1809,Jake Jackson,smithpaul@example.org,2022-05-05,Mumbai,India,23.0,M,smithpaul@example.org,Standard
1809,Jake Jackson,smithpaul@example.org,2022-05-05,Mumbai,India,23.0,M,smithpaul@example.org,A
1810,Laura Brooks,sosajacob@example.net,2024-06-27,Chicago,USA,70.0,F,sosajacob@example.net,Standard
1811,Mr. William Davis DDS,carolberry@example.com,2020-05-15,New York,USA,63.0,F,carolberry@example.com,Standard
1812,Sheryl Thompson,lisawallace@example.net,2020-02-01,Los Angeles,USA,56.0,M,lisawallace@example.net,VIP
1813,Joshua Rubio,aguirrelarry@example.com,2024-01-16,Munich,Germany,72.0,M,aguirrelarry@example.com,Standard
1814,Michael Lawrence,racheljimenez@example.net,2020-11-09,Bangkok,Thailand,53.0,F,racheljimenez@example.net,Standard
1815,Louis Rogers,jmcfarland@example.com,2022-04-01,New York,USA,60.0,F,jmcfarland@example.com,C
1816,Terry Barnett,morganmichael@example.org,2022-03-06,,Germany,34.0,Other,morganmichael@example.org,Standard
1817,Katherine Bauer,howardsabrina@example.com,2021-08-13,Chicago,USA,49.0,M,howardsabrina@example.com,Standard
1818,Susan Zimmerman,abbottchristopher@example.net,2021-09-24,,Canada,20.0,F,abbottchristopher@example.net,A
1819,Joseph Andrews,psherman@example.org,2023-08-18,Vancouver,Canada,,F,psherman@example.org,Standard
1820,Chad Gallagher,sheryl66@example.com,2023-09-05,Sydney,Australia,19.0,F,sheryl66@example.com,Standard
1821,John Henry,anna96@example.com,2021-10-25,Mumbai,India,25.0,F,anna96@example.com,Standard
1822,Dr. Dustin Sutton Jr.,lopezchristopher@example.net,2020-02-07,Melbourne,Australia,53.0,F,lopezchristopher@example.net,B
1823,Laura Thompson,jocelyn80@example.org,2020-12-27,Bangkok,Thailand,67.0,F,jocelyn80@example.org,Standard
1824,Janice Bell,colongabrielle@example.com,2019-07-20,Bangkok,Thailand,74.0,M,colongabrielle@example.com,Standard
1825,Kelly Thompson,erin03@example.org,2023-11-29,Sydney,Australia,67.0,F,erin03@example.org,Standard
1826,Cody Walker,charles37@example.org,2021-05-02,Chicago,USA,28.0,M,charles37@example.org,C
1827,Lisa Williams,sharris@example.org,2021-08-02,Sydney,Australia,27.0,F,sharris@example.org,Standard
1828,Abigail Allen,tracey63@example.com,2021-12-14,Chicago,USA,60.0,M,tracey63@example.com,Standard
1829,Jennifer Moore,christyscott@example.com,2020-12-26,Berlin,Germany,45.0,F,christyscott@example.com,Standard
1829,Jennifer Moore,christyscott@example.com,2020-12-26,Berlin,Germany,45.0,F,christyscott@example.com,B
1830,Michelle Barrera,jamie46@example.net,2019-02-24,Munich,Germany,21.0,F,jamie46@example.net,Standard
1831,Rodney Bennett,lisafreeman@example.net,2022-04-03,Toronto,Canada,39.0,M,lisafreeman@example.net,Standard
1832,Michael Williams,sanderson@example.org,2019-04-20,,Canada,24.0,M,sanderson@example.org,Standard
1833,Brian Moore,ijones@example.com,2021-11-26,Mumbai,India,,M,ijones@example.com,VIP
1833,Brian Moore,ijones@example.com,2021-11-26,Mumbai,India,,M,ijones@example.com,Standard
1834,Patrick Moses,smitchell@example.com,2019-08-08,Sydney,Australia,54.0,M,smitchell@example.com,Standard
1835,Deborah Juarez,mcarson@example.org,2023-11-06,London,UK,23.0,M,mcarson@example.org,C
1836,Kathleen Martinez,harrisondaniel@example.org,2022-12-07,New York,USA,49.0,M,harrisondaniel@example.org,Standard
1837,James Miller,allenchristina@example.com,2024-01-08,Toronto,Canada,70.0,M,allenchristina@example.com,Standard
1838,Jessica Hammond,kaylahardy@example.org,2019-01-14,Bangkok,Thailand,55.0,F,kaylahardy@example.org,Standard
1839,Tiffany Peterson,sandra57@example.org,2023-12-08,Paris,France,49.0,M,sandra57@example.org,B
1840,Amy James,william32@example.net,2021-11-01,Mumbai,India,,F,william32@example.net,B
1840,Amy James,william32@example.net,2021-11-01,Mumbai,India,,F,william32@example.net,Standard
1841,Matthew Gonzales,pjones@example.net,2023-08-07,Chicago,USA,69.0,M,pjones@example.net,Standard
1842,Kristin Thomas,brian16@example.net,2023-10-26,Berlin,Germany,55.0,F,brian16@example.net,Standard
1843,Lisa Jackson,mitchell21@example.net,2023-08-04,Chicago,USA,31.0,M,mitchell21@example.net,A
1844,James Hart,hmack@example.org,2021-09-10,Berlin,Germany,34.0,M,hmack@example.org,Standard
1845,Amanda Gardner,banksrenee@example.net,2020-07-17,Sydney,Australia,40.0,F,banksrenee@example.net,Standard
1846,Diane Jensen,pkent@example.net,2019-10-31,Manchester,UK,34.0,F,pkent@example.net,Standard
1847,David Baird DDS,jcalhoun@example.com,2019-03-11,Vancouver,Canada,57.0,F,jcalhoun@example.com,A
1848,Heather Thomas,sylviaprice@example.com,2020-12-27,Bangkok,Thailand,45.0,F,sylviaprice@example.com,B
1849,Isabel Smith,douglas76@example.net,2021-01-02,Chicago,USA,70.0,M,douglas76@example.net,Standard
1850,Sarah Archer,marygomez@example.com,2021-03-10,Munich,Germany,20.0,M,marygomez@example.com,VIP
1851,Jason Quinn,dfarley@example.com,2020-11-25,Paris,France,61.0,M,dfarley@example.com,Standard
1852,Maurice Anderson,johnmarquez@example.net,2020-09-12,Sydney,Australia,20.0,F,johnmarquez@example.net,A
1853,Shane Hopkins,rachel86@example.com,2022-05-25,Berlin,Germany,27.0,M,rachel86@example.com,Standard
1854,Cindy Thomas,danielsshaun@example.net,2020-06-14,Munich,Germany,60.0,F,danielsshaun@example.net,C
1855,Curtis Morgan,donnagiles@example.com,2023-08-27,Paris,France,,F,donnagiles@example.com,A
1856,Jeremy Benson,lbradley@example.com,2022-09-24,Los Angeles,USA,47.0,M,lbradley@example.com,A
1857,Miss Patricia Davidson,edwardstewart@example.org,2023-07-14,Singapore,Singapore,22.0,M,edwardstewart@example.org,VIP
1858,Bianca Velazquez,cheryl98@example.net,2024-06-16,Singapore,Singapore,75.0,F,cheryl98@example.net,B
1859,Amanda Davis,milleralan@example.org,2023-03-16,Mumbai,India,44.0,M,milleralan@example.org,Standard
1860,Brandon Huynh,james23@example.com,2019-12-23,Bangkok,Thailand,22.0,,james23@example.com,VIP
1861,Heidi Blankenship,talvarez@example.org,2022-02-13,Paris,France,28.0,F,talvarez@example.org,A
1862,Brian Hoffman,frankwilson@example.net,2023-02-28,Toronto,Canada,43.0,F,frankwilson@example.net,Standard
1863,Justin Fuller,hannah31@example.net,2019-02-19,Paris,France,58.0,F,hannah31@example.net,Standard
1864,Susan Davis,taylorparker@example.com,2021-01-06,New York,USA,52.0,F,taylorparker@example.com,Standard
1865,Randall Willis,sarah99@example.org,2024-05-15,Melbourne,Australia,49.0,M,sarah99@example.org,Standard
1866,Alejandro Vasquez,nicole15@example.org,2021-10-22,Berlin,Germany,38.0,F,nicole15@example.org,Standard
1867,Marcus Byrd,danieldonovan@example.net,2021-06-17,Los Angeles,USA,56.0,F,danieldonovan@example.net,Standard
1868,Mark Carter,gomeztonya@example.com,2021-11-25,Singapore,Singapore,22.0,M,gomeztonya@example.com,C
1869,Steven Butler,michaelking@example.net,2019-02-16,London,UK,68.0,F,michaelking@example.net,C
1870,Joseph Moon,kflores@example.org,2021-01-02,Melbourne,Australia,71.0,F,kflores@example.org,Standard
1871,Melody Baker,rmorgan@example.net,2020-05-09,Paris,France,75.0,M,rmorgan@example.net,VIP
1872,Mary Hopkins MD,andersontiffany@example.net,2022-11-29,Munich,Germany,53.0,F,andersontiffany@example.net,Standard
1873,Kenneth Turner,rebeccajames@example.org,2019-03-08,New York,USA,42.0,M,rebeccajames@example.org,Standard
1874,Debra Brooks,linda66@example.net,2020-02-23,Chicago,USA,68.0,M,linda66@example.net,Standard
1875,Tommy Ball,tracyadams@example.com,2019-05-08,Bangkok,Thailand,47.0,M,tracyadams@example.com,A
1876,Angela Wade,michelle10@example.org,2023-09-07,Melbourne,Australia,38.0,M,michelle10@example.org,A
1877,Ashley Jones,calvin93@example.org,2024-03-18,Paris,France,72.0,F,calvin93@example.org,B
1878,Alexandra Smith,molly91@example.org,2019-08-02,New York,USA,47.0,F,molly91@example.org,Standard
1878,Alexandra Smith,molly91@example.org,2019-08-02,New York,USA,47.0,F,molly91@example.org,C
1879,Tracie Costa,kristi19@example.org,2023-05-20,,Canada,17.0,M,kristi19@example.org,Standard
1880,Charles Hardin,lopezjennifer@example.org,2021-12-30,Toronto,Canada,71.0,F,lopezjennifer@example.org,Standard
1881,Rickey Hall,lovepaul@example.net,2019-04-17,Berlin,Germany,65.0,M,lovepaul@example.net,A
1882,Karen Gonzalez,ljacobs@example.com,2019-10-10,Munich,Germany,44.0,M,ljacobs@example.com,Standard
1883,Michael Hancock,ramoswilliam@example.org,2020-02-01,London,UK,43.0,F,ramoswilliam@example.org,Standard
1884,Craig Thomas,hollywarner@example.org,2020-04-10,New York,USA,63.0,M,hollywarner@example.org,Standard
1885,Samuel Avila,franciscoreid@example.net,2023-07-01,New York,USA,71.0,F,franciscoreid@example.net,B
1886,Jason Davidson,ronaldsummers@example.net,2021-06-17,Chicago,USA,,M,ronaldsummers@example.net,Standard
1887,Adam Zamora,juan21@example.org,2020-08-21,Toronto,Canada,54.0,M,juan21@example.org,Standard
1888,Gregory Quinn,wmiller@example.net,2020-05-27,Los Angeles,USA,29.0,F,wmiller@example.net,Standard
1889,William Craig,brianna59@example.net,2023-10-25,Bangkok,Thailand,44.0,M,brianna59@example.net,Standard
1890,Laura Acosta,shannon75@example.com,2023-11-15,Vancouver,Canada,31.0,M,shannon75@example.com,Standard
1891,John Gardner,jeremyjackson@example.net,2019-08-02,Munich,Germany,38.0,M,jeremyjackson@example.net,Standard
1892,John Murray,dford@example.com,2019-06-10,Vancouver,Canada,74.0,F,dford@example.com,Standard
1893,Oscar Cruz,markskristina@example.com,2022-02-06,Melbourne,Australia,23.0,F,markskristina@example.com,A
1894,Lynn Ross MD,edwardshah@example.org,2022-12-01,Toronto,Canada,57.0,F,edwardshah@example.org,Standard
1895,James Hernandez,james76@example.org,2019-03-11,Mumbai,India,33.0,,james76@example.org,Standard
1896,Tyler Dunn,jameslawson@example.com,2020-07-25,New York,USA,40.0,F,jameslawson@example.com,C
1897,Travis Moore,gomezdaniel@example.com,2020-04-04,New York,USA,40.0,F,gomezdaniel@example.com,Standard
1898,Lisa Thomas,alara@example.com,2019-03-06,,Canada,64.0,M,alara@example.com,Standard
1899,Eric Moore,gabriella69@example.org,2020-11-19,Bangkok,Thailand,67.0,F,gabriella69@example.org,Standard
1900,Kendra Peterson,lindsay25@example.net,2023-08-26,Melbourne,Australia,43.0,Other,lindsay25@example.net,B
1901,Amy West,usanchez@example.net,2019-04-27,Singapore,Singapore,51.0,M,usanchez@example.net,Standard
1902,Shane Edwards,jbuchanan@example.com,2024-04-04,Mumbai,India,45.0,M,jbuchanan@example.com,Standard
1903,Erin Lee,tammyharrington@example.net,2019-11-29,Vancouver,Canada,45.0,F,tammyharrington@example.net,Standard
1904,Crystal Watkins,lisawright@example.net,2020-07-28,New York,USA,21.0,F,lisawright@example.net,Standard
1905,Alec Dixon,cruzeddie@example.com,2021-03-19,Paris,France,55.0,F,cruzeddie@example.com,A
1906,John Morrison,carl63@example.com,2023-07-18,Sydney,Australia,16.0,F,carl63@example.com,Standard
1907,Helen Strickland,owright@example.org,2023-10-02,Vancouver,Canada,44.0,M,owright@example.org,B
1908,Roger Olson,kristenfrye@example.com,2021-09-10,London,UK,70.0,M,kristenfrye@example.com,Standard
1909,Miss Kimberly Holloway,susanharper@example.org,2020-07-20,Los Angeles,USA,51.0,F,susanharper@example.org,A
1910,Antonio Dyer,john66@example.net,2023-05-31,Singapore,Singapore,32.0,M,john66@example.net,Standard
1911,Alexandra Green,kennethjohnson@example.net,2023-11-20,Chicago,USA,,F,kennethjohnson@example.net,A
1912,Angela Marshall,seanreyes@example.org,2021-11-03,Sydney,Australia,53.0,F,seanreyes@example.org,Standard
1913,Olivia Rodriguez,stephen39@example.com,2020-06-14,Melbourne,Australia,17.0,F,stephen39@example.com,C
1914,Kevin Morris,martinezmindy@example.net,2019-04-02,Melbourne,Australia,31.0,F,martinezmindy@example.net,Standard
1915,Charles Decker,opierce@example.com,2019-06-08,Munich,Germany,29.0,M,opierce@example.com,Standard
1916,Jennifer Nguyen,schneidermario@example.net,2019-05-27,Manchester,UK,43.0,F,schneidermario@example.net,Standard
1917,Jorge Sharp,tylermcintosh@example.org,2021-01-07,Singapore,Singapore,42.0,Other,tylermcintosh@example.org,VIP
1918,Joseph Bentley,christopherward@example.com,2022-06-27,Vancouver,Canada,26.0,F,christopherward@example.com,A
1919,Jason Potter,dmorales@example.net,2019-02-22,Paris,France,54.0,M,dmorales@example.net,VIP
1920,Richard Neal,olsenshane@example.org,2021-11-06,Melbourne,Australia,61.0,M,olsenshane@example.org,B
1921,Sheila Perez,newmanangela@example.org,2022-09-07,New York,USA,40.0,,newmanangela@example.org,Standard
1922,Melissa Mendoza,robinsonjesse@example.org,2020-04-04,Bangkok,Thailand,48.0,M,robinsonjesse@example.org,B
1923,Brenda Flores,qavila@example.com,2023-02-10,Munich,Germany,70.0,M,qavila@example.com,Standard
1924,Ralph Vasquez,cpierce@example.org,2021-12-10,Sydney,Australia,44.0,M,cpierce@example.org,A
1925,Christine Aguilar,baileychristopher@example.com,2020-05-14,Bangkok,Thailand,31.0,F,baileychristopher@example.com,C
1926,Sandra Sanders,amandaherman@example.net,2023-03-13,London,UK,60.0,M,amandaherman@example.net,Standard
1927,Deborah Brooks,mmoore@example.net,2019-06-13,London,UK,51.0,M,mmoore@example.net,Standard
1928,Craig Hurst,swilson@example.com,2020-04-16,Paris,France,66.0,M,swilson@example.com,C
1929,Larry Curtis,hharris@example.org,2024-03-10,Chicago,USA,31.0,M,hharris@example.org,Standard
1930,Brian Fitzpatrick,jameshudson@example.net,2022-05-25,Chicago,USA,66.0,F,jameshudson@example.net,Standard
1931,Michael Lewis,michael03@example.net,2021-10-31,Manchester,UK,52.0,F,michael03@example.net,Standard
1932,Sarah Robinson,collinsjavier@example.org,2023-11-30,Chicago,USA,16.0,M,collinsjavier@example.org,B
1933,Christine Arroyo,dcortez@example.com,2024-03-19,Melbourne,Australia,63.0,M,dcortez@example.com,Standard
1934,Carmen Vasquez,laura31@example.net,2022-11-14,New York,USA,20.0,M,laura31@example.net,Standard
1935,Aaron Johnson,vincentstacey@example.org,2021-05-14,Bangkok,Thailand,24.0,M,vincentstacey@example.org,Standard
1936,James Carroll,coltonrichardson@example.net,2020-11-20,Los Angeles,USA,53.0,M,coltonrichardson@example.net,Standard
1937,Jay Walter,ramirezdesiree@example.com,2023-02-21,Los Angeles,USA,44.0,M,ramirezdesiree@example.com,Standard
1938,Stephanie Turner,stephen31@example.net,2020-08-15,Manchester,UK,60.0,M,stephen31@example.net,Standard
1939,Melanie Johnson,hthompson@example.org,2023-08-07,,Thailand,21.0,M,hthompson@example.org,B
1939,Melanie Johnson,hthompson@example.org,2023-08-07,,Thailand,21.0,M,hthompson@example.org,C
1940,Jordan Tanner,joseph97@example.org,2022-08-22,Sydney,Australia,40.0,M,joseph97@example.org,B
1941,Brittany Brown,fjohnson@example.com,2024-04-18,Vancouver,Canada,30.0,M,fjohnson@example.com,B
1942,Jennifer Dudley,douglassusan@example.com,2021-12-11,Bangkok,Thailand,48.0,F,douglassusan@example.com,Standard
1943,Michelle Harris,andrew43@example.org,2023-03-31,London,UK,,M,andrew43@example.org,VIP
1944,Rita Forbes,russomary@example.com,2020-03-07,Melbourne,Australia,49.0,F,russomary@example.com,A
1945,Michele Conner,mitchellchristopher@example.com,2020-08-06,London,UK,23.0,F,mitchellchristopher@example.com,Standard
1946,John Martin,jessica82@example.com,2020-08-13,Chicago,USA,54.0,M,jessica82@example.com,A
1947,Hannah Thompson,wwatson@example.com,2019-07-16,Chicago,USA,51.0,F,wwatson@example.com,B
1948,Michael Preston,bward@example.org,2019-03-23,,Thailand,50.0,M,bward@example.org,Standard
1949,Stacey Cook,debbie78@example.net,2021-01-26,New York,USA,34.0,M,debbie78@example.net,Standard
1950,Andrew Hunter,carolfernandez@example.net,2019-09-16,Munich,Germany,34.0,M,carolfernandez@example.net,VIP
1951,Robert Taylor,makaylasanders@example.com,2021-06-29,Los Angeles,USA,47.0,,makaylasanders@example.com,B
1952,Wanda Stephens,johnstonjonathan@example.net,2022-10-01,Melbourne,Australia,38.0,F,johnstonjonathan@example.net,VIP
1953,Carmen Perez,tracy55@example.net,2020-10-31,Los Angeles,USA,48.0,M,tracy55@example.net,C
1954,Kelly Weiss,barbarabrady@example.net,2023-05-11,Sydney,Australia,61.0,F,barbarabrady@example.net,B
1955,Ashley Bowman,barrytanya@example.org,2024-03-24,Los Angeles,USA,36.0,M,barrytanya@example.org,Standard
1956,Thomas Neal MD,nturner@example.net,2019-03-14,Sydney,Australia,,F,nturner@example.net,Standard
1957,Tiffany Lee,johnsondavid@example.org,2022-10-11,Toronto,Canada,32.0,F,johnsondavid@example.org,Standard
1958,Melanie Jones,btapia@example.com,2020-08-01,Berlin,Germany,28.0,M,btapia@example.com,Standard
1959,Alexandra Harper,paul34@example.com,2023-03-15,Melbourne,Australia,16.0,M,paul34@example.com,VIP
1960,Tamara Reid,sheltontiffany@example.com,2019-12-31,Melbourne,Australia,42.0,M,sheltontiffany@example.com,Standard
1961,Andre Haynes,xmullins@example.org,2022-07-30,Toronto,Canada,46.0,M,xmullins@example.org,Standard
1962,Kevin Gilmore,yvang@example.org,2020-04-19,Mumbai,India,58.0,F,yvang@example.org,C
1963,Olivia Miller,amy13@example.net,2022-01-17,London,UK,34.0,M,amy13@example.net,Standard
1964,Lynn Davis,pcurry@example.net,2023-04-14,Singapore,Singapore,42.0,M,pcurry@example.net,Standard
1965,Mrs. Emily Waters,arobinson@example.org,2019-12-27,Los Angeles,USA,36.0,F,arobinson@example.org,Standard
1966,Carl Huffman,wallssean@example.net,2023-05-04,Chicago,USA,69.0,F,wallssean@example.net,C
1967,Donald Cunningham,kingdavid@example.net,2019-03-01,Toronto,Canada,33.0,M,kingdavid@example.net,Standard
1968,Steven Carter Jr.,carolyn61@example.net,2022-02-25,New York,USA,32.0,M,carolyn61@example.net,Standard
1969,Ryan Gonzalez,ywright@example.net,2021-03-27,Manchester,UK,,F,ywright@example.net,Standard
1970,Susan Barton,turnerjeffrey@example.net,2023-08-04,Sydney,Australia,35.0,M,turnerjeffrey@example.net,Standard
1971,Katherine Reeves,garciadonald@example.net,2020-02-27,Munich,Germany,23.0,F,garciadonald@example.net,Standard
1972,Lisa Johnson,srichardson@example.com,2022-01-10,Paris,France,,M,srichardson@example.com,Standard
1973,Joseph Benson,barnesarthur@example.com,2024-02-12,London,UK,65.0,F,barnesarthur@example.com,Standard
1974,Jennifer Brown,natalie57@example.com,2021-01-11,Toronto,Canada,28.0,F,natalie57@example.com,Standard
1975,Dana Reilly,davidmartin@example.net,2020-04-14,Melbourne,Australia,67.0,F,davidmartin@example.net,Standard
1976,Craig Keller,angela71@example.net,2023-02-10,,Germany,,Other,angela71@example.net,A
1977,Jason Castro,jamesevans@example.net,2021-10-24,Los Angeles,USA,66.0,F,jamesevans@example.net,Standard
1978,Alexandra Brown,rodriguezelizabeth@example.net,2022-07-17,Toronto,Canada,18.0,M,rodriguezelizabeth@example.net,Standard
1979,Elizabeth Cain,samantha73@example.org,2021-03-31,Sydney,Australia,68.0,F,samantha73@example.org,VIP
1980,Karen Lewis,paulschultz@example.net,2021-10-30,Los Angeles,USA,,M,paulschultz@example.net,Standard
1981,Andrea Estrada,michellejones@example.net,2019-07-15,Chicago,USA,66.0,M,michellejones@example.net,Standard
1982,Angel Martin DDS,xfranco@example.org,2020-10-24,Singapore,Singapore,48.0,F,xfranco@example.org,Standard
1983,Jennifer Goodwin,harrellkimberly@example.org,2020-06-25,Los Angeles,USA,52.0,F,harrellkimberly@example.org,A
1984,Nicholas Brooks,oobrien@example.net,2022-02-22,Manchester,UK,46.0,M,oobrien@example.net,VIP
1985,Karen Avery,wlucas@example.net,2019-02-05,Manchester,UK,62.0,M,wlucas@example.net,C
1986,Kyle Roberts,reynoldsanthony@example.org,2021-07-15,Los Angeles,USA,52.0,F,reynoldsanthony@example.org,Standard
1987,Michele Waters,woodphillip@example.com,2021-09-03,London,UK,22.0,M,woodphillip@example.com,VIP
1988,Victoria Peterson,samantha78@example.com,2019-07-15,Los Angeles,USA,26.0,M,samantha78@example.com,Standard
1989,Seth Barker,taylordavis@example.com,2019-10-17,Los Angeles,USA,55.0,M,taylordavis@example.com,A
1990,Kim Jensen,kingjoseph@example.com,2020-04-21,Singapore,Singapore,65.0,M,kingjoseph@example.com,Standard
1991,Linda Perez,rebecca93@example.com,2019-11-05,Mumbai,India,36.0,M,rebecca93@example.com,Standard
1992,Cheryl Rogers,mramirez@example.com,2022-11-14,Vancouver,Canada,64.0,M,mramirez@example.com,Standard
1993,Chelsea Austin,leahbarker@example.org,2020-04-27,Sydney,Australia,45.0,M,leahbarker@example.org,Standard
1994,Heather Daniels,james79@example.net,2019-06-16,Melbourne,Australia,43.0,M,james79@example.net,Standard
1995,Nathaniel Walter,jamietyler@example.com,2021-11-30,Chicago,USA,26.0,F,jamietyler@example.com,Standard
1996,Matthew Crawford,peterlove@example.net,2021-05-18,Bangkok,Thailand,26.0,F,peterlove@example.net,C
1997,Glenn Scott,kingtammy@example.net,2022-01-25,Mumbai,India,,,kingtammy@example.net,Standard
1998,Mrs. Chelsea Villa,jgibson@example.net,2024-03-03,Melbourne,Australia,49.0,M,jgibson@example.net,Standard
1999,Kayla Fisher,brent67@example.net,2019-10-17,Chicago,USA,49.0,,brent67@example.net,A
2000,Jeffrey Edwards,herbertward@example.org,2021-11-29,London,UK,32.0,F,herbertward@example.org,B
2001,Benjamin Rodriguez,david16@example.org,2023-01-14,Melbourne,Australia,26.0,F,david16@example.org,B
2002,Matthew Brown,morganclaudia@example.com,2020-01-03,Manchester,UK,46.0,F,morganclaudia@example.com,Standard
2003,David Robinson,sarah53@example.org,2020-02-13,Toronto,Canada,50.0,M,sarah53@example.org,C
2004,Kevin Farmer,lindabryan@example.org,2019-11-17,Paris,France,38.0,F,lindabryan@example.org,B
2005,Alicia Martin,lisa11@example.org,2024-03-15,New York,USA,33.0,F,lisa11@example.org,Standard
2006,Connie Stevens,patricialowery@example.com,2020-09-18,Melbourne,Australia,55.0,M,patricialowery@example.com,Standard
2007,David Parker,ogriffin@example.org,2022-09-12,Sydney,Australia,20.0,F,ogriffin@example.org,Standard
2008,Jennifer Wallace,jocelyncruz@example.net,2020-06-22,Chicago,USA,22.0,M,jocelyncruz@example.net,Standard
2009,Allison Hubbard,nicolehenry@example.net,2020-11-07,Manchester,UK,65.0,,nicolehenry@example.net,C
2010,Alex Romero,mmassey@example.org,2023-11-20,Melbourne,Australia,58.0,F,mmassey@example.org,Standard
2011,Michael Burke,zjackson@example.org,2020-03-19,Toronto,Canada,75.0,F,zjackson@example.org,A
2012,Harry Hill,rachel69@example.com,2019-01-01,Mumbai,India,20.0,M,rachel69@example.com,Standard
2013,Melissa Elliott,chavezlauren@example.com,2021-05-21,Berlin,Germany,36.0,F,chavezlauren@example.com,C
2014,Heather Smith,bramsey@example.org,2021-02-11,Manchester,UK,61.0,M,bramsey@example.org,Standard
2015,Gregory Adams,timothy23@example.net,2019-06-10,Munich,Germany,69.0,M,timothy23@example.net,Standard
2016,Linda Patrick,wernermichael@example.org,2022-12-27,Vancouver,Canada,69.0,M,wernermichael@example.org,VIP
2017,Thomas Davis,wrightalicia@example.com,2022-11-04,Vancouver,Canada,51.0,F,wrightalicia@example.com,Standard
2018,Edward Garrison,garrett13@example.org,2021-01-18,Mumbai,India,65.0,F,garrett13@example.org,Standard
2019,Laura Logan,keithharrison@example.com,2023-11-30,Munich,Germany,40.0,,keithharrison@example.com,Standard
2020,Cynthia Morton,carriejones@example.org,2021-06-24,Toronto,Canada,49.0,F,carriejones@example.org,Standard
2021,Richard Ferguson,xtran@example.net,2021-01-25,Bangkok,Thailand,48.0,F,xtran@example.net,Standard
2022,Joseph Lopez,nguyengeorge@example.com,2022-08-07,Vancouver,Canada,,F,nguyengeorge@example.com,Standard
2023,Alicia Wagner,longgary@example.com,2019-04-28,Sydney,Australia,,M,longgary@example.com,B
2024,Carlos Hensley,audrey47@example.org,2022-07-18,Paris,France,47.0,M,audrey47@example.org,A
2025,Michael Reeves,daniellewebster@example.org,2023-07-12,Munich,Germany,18.0,M,daniellewebster@example.org,Standard
2026,Mrs. Donna Rice,zbyrd@example.net,2023-02-16,Melbourne,Australia,71.0,M,zbyrd@example.net,C
2027,Jennifer Warren,kristin96@example.com,2019-04-25,Los Angeles,USA,56.0,M,kristin96@example.com,B
2028,Jennifer Gordon,cmartinez@example.org,2023-10-13,,Canada,57.0,M,cmartinez@example.org,Standard
2029,Zachary Wilkinson,munozrobert@example.com,2024-01-17,Mumbai,India,73.0,M,munozrobert@example.com,C
2030,Alexander Freeman,lewiskimberly@example.org,2021-11-23,London,UK,58.0,M,lewiskimberly@example.org,C
2031,Kevin Blake,deborahturner@example.org,2020-01-31,Los Angeles,USA,25.0,F,deborahturner@example.org,Standard
2032,Steven Mckee,tommy77@example.com,2022-05-31,Vancouver,Canada,60.0,M,tommy77@example.com,Standard
2033,Julie Perry,sanchezdustin@example.net,2024-04-11,Mumbai,India,35.0,F,sanchezdustin@example.net,Standard
2034,Elizabeth Brown,pblankenship@example.com,2023-09-09,Paris,France,52.0,M,pblankenship@example.com,Standard
2035,Edward Nicholson,ewilliams@example.org,2023-02-03,Chicago,USA,27.0,F,ewilliams@example.org,A
2036,Corey Weeks,alexgarcia@example.net,2023-06-04,Chicago,USA,29.0,M,alexgarcia@example.net,C
2037,Debra Johnson,crystalwatson@example.com,2020-09-22,Toronto,Canada,73.0,M,crystalwatson@example.com,Standard
2038,Robert Stevens,justin08@example.net,2019-04-20,Vancouver,Canada,61.0,M,justin08@example.net,Standard
2039,Jeffrey Freeman,estradaamy@example.net,2020-04-07,Manchester,UK,33.0,F,estradaamy@example.net,Standard
2040,Andrea Donaldson,trivera@example.com,2021-06-19,Melbourne,Australia,21.0,F,trivera@example.com,Standard
2041,Madison Thomas,christopherreyes@example.com,2021-12-07,Sydney,Australia,69.0,F,christopherreyes@example.com,C
2042,Andrew Smith,jameshudson@example.com,2022-04-13,Mumbai,India,25.0,M,jameshudson@example.com,B
2043,Sonya Simmons,veronica30@example.org,2022-08-16,London,UK,29.0,M,veronica30@example.org,A
2044,Andrew Acosta,robinsonrose@example.org,2023-06-15,Melbourne,Australia,21.0,F,robinsonrose@example.org,C
2045,Katherine Miller,vcain@example.net,2019-03-06,Vancouver,Canada,49.0,F,vcain@example.net,Standard
2046,Jacqueline Harrison,barbara85@example.net,2020-10-23,Paris,France,52.0,F,barbara85@example.net,Standard
2047,Kelsey Contreras,linda33@example.org,2019-08-03,,Australia,38.0,F,linda33@example.org,Standard
2048,Dillon Case,victor60@example.net,2020-11-20,London,UK,73.0,F,victor60@example.net,B
2049,Scott Rodriguez,angelarichard@example.org,2022-01-24,Berlin,Germany,,F,angelarichard@example.org,Standard
2050,Danielle Stein,terrywilliam@example.com,2022-11-23,Paris,France,62.0,F,terrywilliam@example.com,A
2051,Jennifer Rivera,sanchezcindy@example.net,2022-05-15,London,UK,46.0,,sanchezcindy@example.net,Standard
2052,Erik Small,bsullivan@example.org,2020-04-24,Bangkok,Thailand,22.0,,bsullivan@example.org,Standard
2053,William Cook,david37@example.com,2022-04-29,Manchester,UK,26.0,M,david37@example.com,Standard
2054,Jennifer Lewis,satkinson@example.org,2024-04-14,Melbourne,Australia,28.0,F,satkinson@example.org,Standard
2055,Carmen Moore,brittney11@example.org,2020-11-13,Sydney,Australia,21.0,M,brittney11@example.org,Standard
2056,Omar Hernandez,fvasquez@example.net,2021-03-21,Berlin,Germany,,M,fvasquez@example.net,Standard
2057,Wendy Smith,antoniocarter@example.com,2020-09-21,Vancouver,Canada,27.0,F,antoniocarter@example.com,Standard
2058,Tamara Graves,williamspatricia@example.com,2019-11-12,,Canada,70.0,F,williamspatricia@example.com,Standard
2059,Zachary Miller,mendezlori@example.org,2021-08-22,Los Angeles,USA,59.0,M,mendezlori@example.org,VIP
2060,Stephanie Holloway,lrodriguez@example.com,2023-08-30,Manchester,UK,61.0,F,lrodriguez@example.com,Standard
2061,Kelly Decker,dillon79@example.com,2023-04-12,London,UK,41.0,M,dillon79@example.com,Standard
2062,Ricardo Robertson,sobrien@example.com,2023-11-23,Melbourne,Australia,54.0,M,sobrien@example.com,Standard
2063,Samuel Ortega,wpatrick@example.net,2024-06-10,Melbourne,Australia,17.0,M,wpatrick@example.net,VIP
2064,Matthew Briggs,proman@example.com,2021-01-11,London,UK,48.0,M,proman@example.com,Standard
2065,Christine Murray,benjaminbrown@example.org,2019-06-08,Bangkok,Thailand,30.0,F,benjaminbrown@example.org,Standard
2066,Zachary Martinez,campbellmarvin@example.com,2019-07-10,Manchester,UK,40.0,F,campbellmarvin@example.com,Standard
2067,Michelle Graham,spearselizabeth@example.net,2022-10-14,Manchester,UK,18.0,F,spearselizabeth@example.net,B
2068,Laurie Pineda,pauladouglas@example.com,2022-10-29,Manchester,UK,69.0,F,pauladouglas@example.com,Standard
2069,Corey Jones,randalllinda@example.com,2019-07-27,Melbourne,Australia,71.0,F,randalllinda@example.com,Standard
2070,Jonathan Barrett,ubowers@example.com,2022-03-22,,USA,40.0,M,ubowers@example.com,Standard
2071,Gabriel Levy,wbarrett@example.net,2021-04-02,Sydney,Australia,,M,wbarrett@example.net,Standard
2072,Catherine Booth,stephanieperry@example.com,2022-05-21,Los Angeles,USA,48.0,F,stephanieperry@example.com,Standard
2073,Felicia Williams,johnmunoz@example.com,2024-06-13,Munich,Germany,23.0,M,johnmunoz@example.com,Standard
2074,Michelle Butler,welchjennifer@example.net,2023-11-18,Manchester,UK,,M,welchjennifer@example.net,C
2075,Aaron Webb,jasoncook@example.net,2020-02-09,Vancouver,Canada,68.0,F,jasoncook@example.net,Standard
2076,Natasha Hill,lpreston@example.net,2020-07-30,Berlin,Germany,23.0,F,lpreston@example.net,VIP
2077,Christina Carrillo,gibsonjennifer@example.net,2022-11-06,Paris,France,32.0,M,gibsonjennifer@example.net,Standard
2078,Zachary Bryant,marvin69@example.net,2022-01-16,New York,USA,27.0,F,marvin69@example.net,Standard
2079,Amy Gallegos,mhickman@example.net,2022-07-26,Vancouver,Canada,54.0,M,mhickman@example.net,Standard
2080,Ethan Garza,pbaker@example.org,2020-05-24,Manchester,UK,21.0,F,pbaker@example.org,C
2081,Mary Riley,hbaker@example.org,2021-06-01,Berlin,Germany,38.0,F,hbaker@example.org,A
2082,Trevor Cole,dsmith@example.org,2024-01-25,Mumbai,India,52.0,F,dsmith@example.org,Standard
2083,Denise Olsen,usmith@example.net,2022-06-01,Chicago,USA,67.0,,usmith@example.net,VIP
2084,Patricia Alvarado,nzhang@example.net,2020-11-22,Los Angeles,USA,63.0,F,nzhang@example.net,A
2084,Patricia Alvarado,nzhang@example.net,2020-11-22,Los Angeles,USA,63.0,F,nzhang@example.net,A
2085,Donna Wilson,saraprice@example.net,2020-06-10,Melbourne,Australia,63.0,F,saraprice@example.net,Standard
2086,Joshua Gonzalez,pmiller@example.org,2023-06-14,Los Angeles,USA,52.0,M,pmiller@example.org,C
2087,Alicia Anderson,gary44@example.com,2023-06-14,Mumbai,India,60.0,M,gary44@example.com,Standard
2088,Jeffery Daniel,connor44@example.net,2024-03-30,Singapore,Singapore,33.0,F,connor44@example.net,Standard
2089,Margaret Jones,morganfarrell@example.org,2019-04-04,Sydney,Australia,41.0,F,morganfarrell@example.org,C
2090,Andrea Townsend,tammy17@example.com,2020-02-29,Manchester,UK,66.0,F,tammy17@example.com,A
2091,Ralph Chan,edixon@example.net,2023-06-07,Paris,France,36.0,M,edixon@example.net,Standard
2092,Rachel Kelly,gomezpaul@example.org,2019-05-11,Toronto,Canada,34.0,M,gomezpaul@example.org,VIP
2093,Danielle Smith,gayfrancis@example.com,2022-07-24,Manchester,UK,37.0,M,gayfrancis@example.com,Standard
2094,Robert Nichols,writter@example.net,2020-11-28,London,UK,38.0,M,writter@example.net,Standard
2095,Gerald Price,ggarcia@example.com,2020-03-07,Berlin,Germany,60.0,F,ggarcia@example.com,Standard
2096,Connor Walsh,cherryjulie@example.net,2023-10-12,Sydney,Australia,21.0,F,cherryjulie@example.net,B
2097,Phyllis Grant,phughes@example.com,2023-03-12,Toronto,Canada,39.0,F,phughes@example.com,Standard
2098,Andrew Chavez,duncanandre@example.net,2019-03-02,Berlin,Germany,55.0,M,duncanandre@example.net,Standard
2099,Mariah Perry,montesmichelle@example.org,2023-04-16,Manchester,UK,64.0,M,montesmichelle@example.org,Standard
2100,Brendan Meyer,watkinsthomas@example.net,2021-02-07,Toronto,Canada,24.0,F,watkinsthomas@example.net,VIP
2101,Molly Peterson DDS,hartmandanielle@example.org,2020-03-23,Manchester,UK,23.0,F,hartmandanielle@example.org,Standard
2102,Rodney Carter,brownkevin@example.org,2023-02-13,Singapore,Singapore,51.0,F,brownkevin@example.org,B
2103,Robyn Kidd,matthew61@example.net,2020-07-25,Paris,France,65.0,M,matthew61@example.net,Standard
2104,Jonathan Rodgers,sjohnson@example.com,2023-04-10,Sydney,Australia,36.0,F,sjohnson@example.com,B
2105,Brandon Taylor,coxcody@example.com,2021-10-10,Manchester,UK,34.0,Other,coxcody@example.com,Standard
2106,Emily Martinez,brandimiller@example.org,2021-03-30,Chicago,USA,16.0,M,brandimiller@example.org,Standard
2107,Ryan Pierce,cainana@example.net,2022-10-31,Chicago,USA,40.0,F,cainana@example.net,Standard
2108,Kimberly Escobar,craig60@example.com,2022-07-27,Toronto,Canada,55.0,M,craig60@example.com,Standard
2109,Jennifer Barrett,joyce21@example.org,2022-05-12,,USA,62.0,M,joyce21@example.org,Standard
2110,Leah Rodriguez,zwilliams@example.com,2022-03-11,Chicago,USA,46.0,F,zwilliams@example.com,Standard
2111,Brian Moore,christopherjackson@example.net,2023-12-15,Paris,France,40.0,M,christopherjackson@example.net,B
2112,Mercedes Garcia,ruizjessica@example.org,2021-07-26,Chicago,USA,62.0,Other,ruizjessica@example.org,Standard
2113,Tyler Shields,veronicasmith@example.net,2020-02-14,Bangkok,Thailand,24.0,F,veronicasmith@example.net,Standard
2114,Laura Blair,travisyoung@example.com,2021-07-29,Berlin,Germany,59.0,M,travisyoung@example.com,Standard
2115,Michael Lee,max69@example.com,2021-10-21,Berlin,Germany,23.0,M,max69@example.com,Standard
2116,Donna Wright,mannjonathan@example.net,2019-11-23,Bangkok,Thailand,45.0,M,mannjonathan@example.net,Standard
2117,Dr. Jared Lee III,barbaraolsen@example.net,2022-10-18,Sydney,Australia,71.0,F,barbaraolsen@example.net,B
2117,Dr. Jared Lee III,barbaraolsen@example.net,2022-10-18,Sydney,Australia,71.0,F,barbaraolsen@example.net,C
2118,Michael Anderson,halljohn@example.org,2021-05-04,Singapore,Singapore,72.0,M,halljohn@example.org,VIP
2119,Melinda Anderson,joshuarodriguez@example.org,2021-12-29,Sydney,Australia,44.0,F,joshuarodriguez@example.org,Standard
2120,Michelle Greer,gutierrezmatthew@example.com,2023-08-24,Manchester,UK,39.0,M,gutierrezmatthew@example.com,VIP
2121,Nathaniel Floyd,mark66@example.net,2021-05-27,Berlin,Germany,22.0,M,mark66@example.net,Standard
2122,Denise Alvarado,jamiegomez@example.net,2023-06-10,Singapore,Singapore,62.0,F,jamiegomez@example.net,Standard
2123,Mary Burns,samuel40@example.com,2020-05-12,Bangkok,Thailand,29.0,M,samuel40@example.com,Standard
2124,Antonio Small,goodmanalice@example.org,2024-01-16,Berlin,Germany,64.0,F,goodmanalice@example.org,A
2125,Stanley Taylor,gregory07@example.net,2020-11-08,Berlin,Germany,60.0,F,gregory07@example.net,VIP
2126,Jesse Turner,shannonbarker@example.com,2019-10-31,Chicago,USA,,M,shannonbarker@example.com,Standard
2127,Tracey Nelson,iwalker@example.org,2020-08-19,Melbourne,Australia,61.0,M,iwalker@example.org,VIP
2128,Maria Cruz,danielgriffith@example.net,2022-10-10,Berlin,Germany,25.0,F,danielgriffith@example.net,A
2129,Brett Atkins,julie01@example.net,2023-10-26,,Canada,32.0,F,julie01@example.net,A
2130,Ashley Roach,lisa89@example.net,2019-10-31,Vancouver,Canada,16.0,M,lisa89@example.net,Standard
2131,Kendra White,amadden@example.org,2021-04-11,Munich,Germany,55.0,M,amadden@example.org,Standard
2132,Erin Norris,jacoboconnor@example.net,2023-10-13,Paris,France,36.0,Other,jacoboconnor@example.net,Standard
2133,Danielle Ballard,courtneysantiago@example.net,2019-12-13,Sydney,Australia,46.0,F,courtneysantiago@example.net,Standard
2134,Heather James,pamelanguyen@example.com,2020-12-02,Los Angeles,USA,35.0,M,pamelanguyen@example.com,Standard
2135,Peter Patel,jperez@example.org,2023-06-05,Melbourne,Australia,57.0,M,jperez@example.org,Standard
2136,Ashley Huang,robertwilliams@example.com,2024-01-31,Sydney,Australia,69.0,M,robertwilliams@example.com,Standard
2137,Zachary Jones,ohiggins@example.net,2020-04-12,Bangkok,Thailand,39.0,F,ohiggins@example.net,Standard
2138,Jacob Johnson,hullrobert@example.com,2021-11-05,London,UK,33.0,M,hullrobert@example.com,Standard
2139,Stacy Orozco,petersonjoel@example.org,2019-06-12,Mumbai,India,44.0,F,petersonjoel@example.org,Standard
2140,David George,bradleybarker@example.net,2020-01-10,Melbourne,Australia,70.0,F,bradleybarker@example.net,Standard
2141,Peter Chandler,nmontoya@example.com,2024-06-28,New York,USA,33.0,F,nmontoya@example.com,Standard
2142,Ariel Gordon,sandyramirez@example.com,2024-02-22,Mumbai,India,73.0,F,sandyramirez@example.com,Standard
2143,Taylor Mullins,anthonydavis@example.net,2020-05-14,Toronto,Canada,64.0,M,anthonydavis@example.net,B
2144,Mary Lee,jimwilliams@example.org,2019-04-15,Singapore,Singapore,66.0,F,jimwilliams@example.org,A
2145,Daniel Anderson,cbrown@example.org,2021-09-01,Los Angeles,USA,22.0,M,cbrown@example.org,VIP
2146,Amanda Swanson,michaelsherman@example.com,2019-01-20,Paris,France,43.0,M,michaelsherman@example.com,VIP
2146,Amanda Swanson,michaelsherman@example.com,2019-01-20,Paris,France,43.0,M,michaelsherman@example.com,Standard
2147,Jessica Watts,patelgabrielle@example.com,2022-08-09,Singapore,Singapore,53.0,F,patelgabrielle@example.com,B
2148,Phillip Lewis,roberthamilton@example.net,2020-05-30,New York,USA,54.0,F,roberthamilton@example.net,C
2149,Deborah Meyer,olivia29@example.net,2021-11-19,Berlin,Germany,57.0,F,olivia29@example.net,VIP
2150,Cindy Cole,cherylnorton@example.com,2022-10-20,Vancouver,Canada,48.0,,cherylnorton@example.com,VIP
2151,Larry Howe,gonzalezkenneth@example.net,2021-09-25,Chicago,USA,36.0,M,gonzalezkenneth@example.net,Standard
2152,Brandon Perkins,rachelhall@example.net,2019-05-15,Chicago,USA,59.0,F,rachelhall@example.net,Standard
2153,Shannon Castro,lblankenship@example.net,2022-11-07,Sydney,Australia,68.0,M,lblankenship@example.net,Standard
2154,Brandy Holmes,laurenallen@example.org,2020-09-21,Toronto,Canada,35.0,F,laurenallen@example.org,A
2155,Lisa Wilkerson,ambermiller@example.net,2024-03-14,Vancouver,Canada,29.0,F,ambermiller@example.net,Standard
2156,Debbie Rivera,mariawilliams@example.com,2021-03-22,Singapore,Singapore,70.0,F,mariawilliams@example.com,Standard
2157,Christine Pratt,hollydavis@example.org,2021-08-28,Munich,Germany,54.0,F,hollydavis@example.org,Standard
2158,Andrea Le,rojasmarc@example.org,2020-06-22,Bangkok,Thailand,75.0,F,rojasmarc@example.org,Standard
2159,Wendy Morgan,cannonkimberly@example.net,2023-01-28,London,UK,69.0,F,cannonkimberly@example.net,A
2160,Shari Sharp,morriskatherine@example.net,2023-04-11,Manchester,UK,16.0,,morriskatherine@example.net,Standard
2161,Angela Lee,gonzalespatricia@example.net,2022-08-15,,UK,45.0,M,gonzalespatricia@example.net,A
2162,Richard Goodman,ballvanessa@example.com,2022-09-17,,Canada,34.0,F,ballvanessa@example.com,A
2163,Brian Rocha,karen42@example.org,2020-10-29,Manchester,UK,51.0,M,karen42@example.org,Standard
2164,Brittany Barnett,hmitchell@example.org,2023-10-20,Berlin,Germany,22.0,M,hmitchell@example.org,VIP
2165,Roger Roberts,edwardstaylor@example.net,2022-04-29,Melbourne,Australia,18.0,,edwardstaylor@example.net,Standard
2166,Alexander Greene,stanleynina@example.com,2021-09-24,Melbourne,Australia,33.0,F,stanleynina@example.com,Standard
2167,Glenn Ward,alyssa66@example.net,2022-08-02,New York,USA,33.0,F,alyssa66@example.net,Standard
2168,Jason Salinas,vickiwood@example.org,2019-10-03,Berlin,Germany,36.0,M,vickiwood@example.org,VIP
2169,Roberto Glover,jblair@example.net,2019-11-05,Mumbai,India,35.0,F,jblair@example.net,Standard
2170,John Russell,robertchase@example.net,2022-03-18,London,UK,64.0,M,robertchase@example.net,Standard
2171,Henry Lutz,davidbrown@example.org,2019-02-14,Melbourne,Australia,65.0,M,davidbrown@example.org,A
2172,Sharon King,zamorarose@example.net,2020-10-04,Melbourne,Australia,73.0,F,zamorarose@example.net,A
2173,Mario Green,amywells@example.org,2021-08-17,London,UK,45.0,,amywells@example.org,Standard
2174,Jamie Gallagher,rossjohn@example.net,2020-06-06,Vancouver,Canada,63.0,M,rossjohn@example.net,VIP
2175,Michael Montgomery,jessica89@example.net,2021-03-22,Manchester,UK,,M,jessica89@example.net,Standard
2176,Monica Russell,andrewsuarez@example.net,2021-02-03,Munich,Germany,52.0,M,andrewsuarez@example.net,Standard
2177,Nathan Kirk,tlewis@example.com,2020-10-31,Singapore,Singapore,47.0,F,tlewis@example.com,Standard
2178,Shane Short,sonia62@example.com,2022-03-03,Los Angeles,USA,51.0,M,sonia62@example.com,Standard
2179,Jacqueline Roberts,lopezkristina@example.net,2023-10-10,Mumbai,India,52.0,,lopezkristina@example.net,Standard
2180,Gina Vega,james01@example.com,2019-05-30,Singapore,Singapore,68.0,M,james01@example.com,B
2181,Jason Ramirez,william88@example.org,2019-11-08,Melbourne,Australia,37.0,F,william88@example.org,Standard
2182,Monica Richardson,mariahill@example.net,2023-05-19,Munich,Germany,,F,mariahill@example.net,C
2183,Julie Decker,nunezmatthew@example.com,2021-03-09,Mumbai,India,16.0,F,nunezmatthew@example.com,VIP
2184,Amy Farrell,jamesrobinson@example.com,2022-04-11,Toronto,Canada,50.0,M,jamesrobinson@example.com,Standard
2185,Joseph Matthews,fosterjeffrey@example.org,2024-03-10,Paris,France,73.0,F,fosterjeffrey@example.org,Standard
2186,Ann Dawson,ufox@example.org,2019-10-31,,Singapore,35.0,M,ufox@example.org,Standard
2187,Lisa Gonzalez,mccoyjames@example.org,2019-03-22,Mumbai,India,50.0,M,mccoyjames@example.org,Standard
2188,Mathew Key,khanmelissa@example.net,2020-04-16,Bangkok,Thailand,29.0,,khanmelissa@example.net,Standard
2189,Bradley Brady,uchang@example.com,2024-04-01,Toronto,Canada,65.0,M,uchang@example.com,Standard
2190,Tyler Garrison,smithjack@example.org,2019-09-10,Berlin,Germany,17.0,M,smithjack@example.org,Standard
2191,Alyssa Rodriguez PhD,dunnmary@example.net,2019-04-11,Manchester,UK,44.0,F,dunnmary@example.net,Standard
2192,Dana Bennett,fwalsh@example.com,2019-09-13,Mumbai,India,27.0,M,fwalsh@example.com,Standard
2193,Samantha Carlson,nrangel@example.net,2023-03-30,Chicago,USA,23.0,F,nrangel@example.net,Standard
2194,Jacob Conner,normajones@example.net,2021-04-30,London,UK,29.0,F,normajones@example.net,Standard
2195,Bryce Fox,daniel43@example.org,2021-11-07,Vancouver,Canada,,F,daniel43@example.org,Standard
2196,John Massey,katherinerussell@example.org,2019-07-24,Mumbai,India,39.0,F,katherinerussell@example.org,C
2197,Brooke Lewis,charleshayes@example.com,2022-08-28,Mumbai,India,30.0,M,charleshayes@example.com,C
2198,Billy Scott,dominguezmeredith@example.com,2023-11-29,Manchester,UK,17.0,M,dominguezmeredith@example.com,Standard
2199,Joshua Shepard,gallegoscrystal@example.com,2019-04-03,London,UK,70.0,F,gallegoscrystal@example.com,C
2200,Timothy Patterson,stonecody@example.net,2019-10-15,Chicago,USA,,F,stonecody@example.net,A
2201,Richard Smith,acevedonancy@example.org,2022-09-15,Melbourne,Australia,39.0,F,acevedonancy@example.org,Standard
2202,Christina Myers,meyerskathryn@example.com,2024-04-01,Chicago,USA,25.0,F,meyerskathryn@example.com,Standard
2203,Jesus Flores,corythompson@example.org,2024-03-09,Bangkok,Thailand,66.0,F,corythompson@example.org,A
2204,Gilbert Williams,lhicks@example.com,2021-02-03,Sydney,Australia,55.0,F,lhicks@example.com,C
2205,Karina Boone,phines@example.org,2021-08-21,Bangkok,Thailand,63.0,F,phines@example.org,C
2206,Victoria Guerra,kara01@example.org,2023-04-11,Manchester,UK,62.0,F,kara01@example.org,Standard
2207,Julian Leon,vdeleon@example.com,2020-04-01,Bangkok,Thailand,42.0,M,vdeleon@example.com,VIP
2208,Scott Durham,ricklewis@example.net,2023-10-20,Manchester,UK,44.0,M,ricklewis@example.net,Standard
2209,Nathaniel Brown,shannon09@example.org,2021-09-02,Vancouver,Canada,73.0,M,shannon09@example.org,C
2210,Wendy Carpenter,prattjustin@example.org,2024-05-13,London,UK,58.0,M,prattjustin@example.org,Standard
2211,Michelle Chavez,brandi26@example.net,2022-03-15,Mumbai,India,24.0,Other,brandi26@example.net,Standard
2212,Loretta Garrett,qkane@example.com,2022-09-12,Toronto,Canada,63.0,M,qkane@example.com,Standard
2213,Maria Malone,hdavis@example.com,2020-05-26,Los Angeles,USA,32.0,F,hdavis@example.com,Standard
2214,Richard Riley,dylancunningham@example.com,2022-09-30,Berlin,Germany,49.0,F,dylancunningham@example.com,Standard
2215,Jonathan Collins,stephaniezamora@example.org,2019-09-27,Bangkok,Thailand,43.0,M,stephaniezamora@example.org,B
2216,Richard Weiss,kimberly66@example.net,2019-03-12,Mumbai,India,,F,kimberly66@example.net,C
2217,Teresa Russell,branchthomas@example.com,2022-07-23,Chicago,USA,69.0,F,branchthomas@example.com,C
2218,Joyce Butler,maygordon@example.org,2021-09-11,Paris,France,70.0,M,maygordon@example.org,Standard
2219,Tommy Ramsey,markbates@example.com,2021-04-10,Paris,France,29.0,F,markbates@example.com,B
2220,Stephanie Meyer,hufftina@example.org,2020-07-26,Melbourne,Australia,65.0,,hufftina@example.org,C
2221,Toni Clay,jarvisrachel@example.net,2020-06-06,Chicago,USA,67.0,F,jarvisrachel@example.net,Standard
2222,Gloria Dunn,richardhines@example.net,2022-09-30,Los Angeles,USA,64.0,F,richardhines@example.net,Standard
2223,Jessica Adams,wberry@example.com,2019-02-22,Sydney,Australia,24.0,M,wberry@example.com,Standard
2224,Tammy Robinson,gstokes@example.net,2022-02-01,Los Angeles,USA,24.0,F,gstokes@example.net,Standard
2225,Sonya Miranda,ashley14@example.org,2024-06-01,Los Angeles,USA,27.0,,ashley14@example.org,A
2226,Jennifer Hernandez,melissa40@example.org,2019-10-18,Toronto,Canada,,F,melissa40@example.org,Standard
2227,Carly Goodwin,smithmelissa@example.com,2023-05-17,Paris,France,52.0,M,smithmelissa@example.com,Standard
2228,Susan Price,wilsontina@example.com,2022-01-09,London,UK,60.0,F,wilsontina@example.com,A
2229,Angela Barnett,madison00@example.org,2022-10-25,Los Angeles,USA,56.0,M,madison00@example.org,A
2230,Anthony Wong,cartercatherine@example.net,2023-01-06,Singapore,Singapore,50.0,M,cartercatherine@example.net,VIP
2231,Jesse Ayala,monicaavery@example.net,2019-04-11,Vancouver,Canada,34.0,F,monicaavery@example.net,Standard
2232,Charles Blair,dananelson@example.com,2021-08-16,Berlin,Germany,24.0,F,dananelson@example.com,VIP
2233,Kyle Myers,kleinshane@example.org,2022-02-12,Melbourne,Australia,29.0,,kleinshane@example.org,Standard
2234,Pamela Jenkins,caitlyncooper@example.net,2023-03-27,New York,USA,24.0,M,caitlyncooper@example.net,Standard
2235,Nichole Vasquez,dlivingston@example.org,2024-06-22,Singapore,Singapore,41.0,F,dlivingston@example.org,VIP
2236,Tara Jones,andrew88@example.com,2020-05-24,Toronto,Canada,20.0,F,andrew88@example.com,A
2237,Cory Harris,christopheranderson@example.com,2019-09-10,Manchester,UK,59.0,M,christopheranderson@example.com,A
2238,Timothy Harris,irodriguez@example.org,2020-11-01,Singapore,Singapore,56.0,F,irodriguez@example.org,Standard
2239,Daniel Ferrell,erikamiller@example.org,2022-05-10,Sydney,Australia,30.0,F,erikamiller@example.org,C
2240,Brian Christensen,mandypetty@example.com,2022-06-03,Melbourne,Australia,25.0,M,mandypetty@example.com,C
2241,Jon Berry,nicholas33@example.com,2023-11-28,London,UK,18.0,F,nicholas33@example.com,Standard
2242,Michael Phillips,brittany29@example.com,2021-05-22,Berlin,Germany,26.0,M,brittany29@example.com,C
2243,Sean Carter,dudleycody@example.com,2020-08-19,Singapore,Singapore,49.0,M,dudleycody@example.com,VIP
2244,Anthony Hayes,marilyn67@example.net,2023-11-07,Paris,France,31.0,M,marilyn67@example.net,A
2245,Charles Ford,kcontreras@example.org,2021-05-13,Manchester,UK,56.0,M,kcontreras@example.org,Standard
2246,Roy Fowler,lshannon@example.net,2020-07-18,Melbourne,Australia,56.0,M,lshannon@example.net,Standard
2247,Ashley Lee,ijackson@example.com,2019-06-20,London,UK,22.0,M,ijackson@example.com,C
2248,Katherine Simon,bhall@example.org,2022-04-25,Toronto,Canada,58.0,M,bhall@example.org,Standard
2249,Kimberly Mcdowell,amyferrell@example.com,2022-02-22,Berlin,Germany,69.0,M,amyferrell@example.com,Standard
2250,Darryl Christensen,vasquezjacqueline@example.net,2021-02-22,Sydney,Australia,54.0,M,vasquezjacqueline@example.net,Standard
2251,Jessica Becker,chavezisabel@example.com,2022-03-24,Los Angeles,USA,23.0,M,chavezisabel@example.com,B
2252,Kathleen Mccullough,michellesmith@example.org,2024-01-25,Melbourne,Australia,42.0,F,michellesmith@example.org,Standard
2253,Charles Hopkins,henrysoto@example.com,2023-06-03,Sydney,Australia,70.0,F,henrysoto@example.com,Standard
2254,Angelica Long,alexis58@example.com,2023-07-24,Manchester,UK,63.0,F,alexis58@example.com,B
2255,Melissa Sullivan,jessicamills@example.org,2020-01-06,Paris,France,56.0,Other,jessicamills@example.org,B
2256,Kenneth Murphy,wnovak@example.net,2019-02-28,Singapore,Singapore,70.0,M,wnovak@example.net,Standard
2257,Kristin Ferguson,joe99@example.net,2024-06-16,London,UK,33.0,F,joe99@example.net,Standard
2258,Joshua Smith,davidsellers@example.com,2020-06-22,Sydney,Australia,29.0,M,davidsellers@example.com,A
2259,Tiffany Holt,eileendaniels@example.net,2021-04-01,Melbourne,Australia,65.0,M,eileendaniels@example.net,Standard
2260,Melissa Romero,deborah49@example.com,2020-12-21,London,UK,50.0,F,deborah49@example.com,Standard
2261,Lisa Spencer,hollandjustin@example.com,2020-09-18,Mumbai,India,74.0,F,hollandjustin@example.com,VIP
2262,Katie Rivers,dominguezscott@example.com,2022-08-02,Berlin,Germany,64.0,M,dominguezscott@example.com,A
2263,Cynthia Stephens,mmyers@example.net,2020-11-21,London,UK,73.0,F,mmyers@example.net,Standard
2264,Mary Johnson,xhill@example.org,2019-08-17,New York,USA,53.0,M,xhill@example.org,Standard
2265,Amy Burton,isimpson@example.com,2023-03-30,Vancouver,Canada,50.0,F,isimpson@example.com,Standard
2266,Chris Hanson,twagner@example.org,2019-07-05,Los Angeles,USA,74.0,F,twagner@example.org,A
2267,Beverly Black,troybrady@example.net,2020-11-27,Melbourne,Australia,38.0,F,troybrady@example.net,VIP
2268,Melanie Smith,faithsparks@example.com,2023-07-27,Melbourne,Australia,55.0,,faithsparks@example.com,Standard
2269,Derrick Johnson,karla66@example.net,2023-08-19,Berlin,Germany,31.0,F,karla66@example.net,Standard
2270,Melissa Carroll,nunezgary@example.net,2020-04-04,Berlin,Germany,31.0,M,nunezgary@example.net,Standard
2271,Paul Phelps,john86@example.com,2019-01-26,Chicago,USA,31.0,M,john86@example.com,VIP
2272,Christina Gomez,jacob32@example.net,2021-04-28,Berlin,Germany,51.0,F,jacob32@example.net,B
2273,Laura Adams,ogreer@example.org,2022-04-04,Munich,Germany,56.0,F,ogreer@example.org,C
2274,Stephanie Armstrong,petersonfrank@example.org,2022-12-18,Vancouver,Canada,67.0,F,petersonfrank@example.org,Standard
2275,Sydney Lopez,jennifer72@example.com,2024-04-02,Bangkok,Thailand,36.0,M,jennifer72@example.com,Standard
2276,Wayne Jackson,mirandawalker@example.net,2023-10-28,London,UK,66.0,,mirandawalker@example.net,Standard
2277,Melissa Garcia,castropeter@example.com,2021-11-05,Singapore,Singapore,50.0,M,castropeter@example.com,C
2278,Matthew Stone,jherring@example.com,2020-12-14,Melbourne,Australia,51.0,F,jherring@example.com,Standard
2279,Frank Freeman,mallory30@example.org,2019-04-19,Mumbai,India,55.0,F,mallory30@example.org,Standard
2280,Marcus Rich,housedaniel@example.com,2019-02-15,Chicago,USA,44.0,F,housedaniel@example.com,C
2281,Carmen Gonzalez,brandi40@example.org,2022-12-17,Mumbai,India,20.0,M,brandi40@example.org,Standard
2282,Christine Parker,kelly15@example.com,2020-05-31,Paris,France,61.0,M,kelly15@example.com,A
2283,Daniel Thompson,lisaalvarez@example.net,2021-03-22,Chicago,USA,58.0,M,lisaalvarez@example.net,A
2284,Robert West,brandon94@example.org,2020-04-21,London,UK,67.0,F,brandon94@example.org,C
2285,Maria Rodriguez,johnsonmichael@example.com,2024-06-30,Munich,Germany,36.0,F,johnsonmichael@example.com,Standard
2286,Joseph Bright,mhoffman@example.net,2021-01-03,Singapore,Singapore,23.0,F,mhoffman@example.net,A
2287,Norma Smith,david88@example.net,2023-02-04,Manchester,UK,62.0,M,david88@example.net,B
2288,Hannah Martin,savannahgrant@example.com,2023-09-08,Chicago,USA,17.0,F,savannahgrant@example.com,B
2289,Tyler Shields,csparks@example.net,2019-07-12,Los Angeles,USA,52.0,M,csparks@example.net,Standard
2290,Edwin Jackson,gmccarthy@example.com,2022-11-27,Manchester,UK,24.0,F,gmccarthy@example.com,C
2291,Dr. Diana Chen,yoconnell@example.com,2022-12-19,Chicago,USA,72.0,F,yoconnell@example.com,VIP
2292,Sarah Roberts,kevinmendez@example.org,2020-04-09,Toronto,Canada,57.0,M,kevinmendez@example.org,Standard
2293,Robin Patterson,anthony00@example.org,2020-06-11,Munich,Germany,72.0,F,anthony00@example.org,Standard
2294,Eric Fowler,charlesyoung@example.net,2019-07-15,London,UK,16.0,F,charlesyoung@example.net,A
2295,Sonya Wilcox,miranda13@example.org,2020-09-19,Manchester,UK,67.0,M,miranda13@example.org,A
2295,Sonya Wilcox,miranda13@example.org,2020-09-19,Manchester,UK,67.0,M,miranda13@example.org,C
2296,John Boyd,lpeters@example.net,2020-01-22,Chicago,USA,55.0,,lpeters@example.net,Standard
2297,Eric Rosales,ncruz@example.net,2023-11-22,Los Angeles,USA,54.0,F,ncruz@example.net,A
2298,Jonathan Jefferson DVM,rodneynolan@example.com,2023-12-07,Mumbai,India,48.0,F,rodneynolan@example.com,Standard
2299,Eileen Gutierrez,andersonmeghan@example.net,2024-03-30,New York,USA,72.0,M,andersonmeghan@example.net,B
2300,Tamara Roberts,foxlinda@example.org,2024-03-29,Vancouver,Canada,22.0,M,foxlinda@example.org,Standard
2301,Rhonda Rodriguez,jamesbrown@example.org,2019-07-24,Bangkok,Thailand,28.0,M,jamesbrown@example.org,Standard
2302,Sherry Brewer,claire06@example.net,2024-03-16,Berlin,Germany,51.0,Other,claire06@example.net,C
2303,Brandon Sanchez,tracy38@example.com,2022-02-09,Sydney,Australia,37.0,,tracy38@example.com,C
2304,Joseph Wang,fstone@example.net,2020-01-21,Berlin,Germany,18.0,Other,fstone@example.net,Standard
2305,Richard Yoder,qmarshall@example.net,2023-09-24,Singapore,Singapore,22.0,M,qmarshall@example.net,Standard
2306,Kristina Baker,nicholashuffman@example.org,2021-12-15,Bangkok,Thailand,52.0,M,nicholashuffman@example.org,Standard
2307,Luke Dixon,qreyes@example.net,2020-02-16,Sydney,Australia,36.0,F,qreyes@example.net,Standard
2308,Brian Brown,jenniferhorne@example.net,2021-05-23,Sydney,Australia,43.0,M,jenniferhorne@example.net,Standard
2309,Arthur Mcdaniel,scottlove@example.org,2022-02-23,London,UK,55.0,M,scottlove@example.org,A
2310,Mary Levy,nguyengerald@example.net,2023-04-28,Vancouver,Canada,49.0,F,nguyengerald@example.net,Standard
2311,Susan Lewis,gkeith@example.net,2022-04-18,Bangkok,Thailand,50.0,F,gkeith@example.net,Standard
2312,Gabriel Nash,bowmanjoel@example.net,2019-04-07,New York,USA,40.0,F,bowmanjoel@example.net,Standard
2313,Steven Nguyen,jacqueline39@example.net,2022-11-02,Mumbai,India,63.0,M,jacqueline39@example.net,Standard
2314,Justin Parker,umartinez@example.net,2022-12-02,Sydney,Australia,74.0,F,umartinez@example.net,Standard
2315,Patrick Snyder,lindseyroberts@example.org,2022-12-30,Toronto,Canada,20.0,M,lindseyroberts@example.org,A
2316,Debbie King,ucarr@example.org,2019-02-01,Paris,France,75.0,F,ucarr@example.org,A
2317,Jeremy Summers,ksmith@example.org,2019-01-10,Vancouver,Canada,58.0,,ksmith@example.org,Standard
2318,Christopher Rivera,fwolf@example.net,2023-08-20,Manchester,UK,39.0,F,fwolf@example.net,Standard
2319,John Woodard,devon88@example.org,2020-05-19,Paris,France,58.0,M,devon88@example.org,A
2320,Alfred Leonard,taylormichael@example.net,2023-11-04,Melbourne,Australia,35.0,M,taylormichael@example.net,Standard
2321,Shari Kelley,benjaminwilliams@example.net,2021-04-18,Vancouver,Canada,42.0,M,benjaminwilliams@example.net,VIP
2322,Robert Parks MD,nbailey@example.net,2023-07-31,Toronto,Canada,32.0,F,nbailey@example.net,Standard
2323,Michele Watson,jack86@example.org,2023-04-21,Melbourne,Australia,24.0,M,jack86@example.org,Standard
2324,Tammy Tyler,harrisjoshua@example.com,2019-11-22,Los Angeles,USA,20.0,Other,harrisjoshua@example.com,Standard
2325,James Miller,daniel15@example.org,2024-05-10,Vancouver,Canada,34.0,M,daniel15@example.org,VIP
2326,Shelby Duncan,johnsonedward@example.net,2023-04-08,Los Angeles,USA,41.0,,johnsonedward@example.net,VIP
2327,Timothy Mcmahon,elizabeth14@example.org,2023-09-30,Munich,Germany,28.0,M,elizabeth14@example.org,Standard
2328,Matthew Moss,brianmorrow@example.org,2019-08-17,Los Angeles,USA,18.0,M,brianmorrow@example.org,C
2328,Matthew Moss,brianmorrow@example.org,2019-08-17,Los Angeles,USA,18.0,M,brianmorrow@example.org,B
2329,Wendy Miller,hdavis@example.org,2019-05-19,Singapore,Singapore,43.0,F,hdavis@example.org,Standard
2330,Mark Dennis,clarkdavid@example.net,2023-04-25,Paris,France,58.0,F,clarkdavid@example.net,VIP
2331,Toni Ortiz,brianobrien@example.net,2023-01-24,Toronto,Canada,18.0,F,brianobrien@example.net,Standard
2332,Audrey Reyes,andersonhenry@example.org,2024-03-02,Vancouver,Canada,38.0,F,andersonhenry@example.org,Standard
2332,Audrey Reyes,andersonhenry@example.org,2024-03-02,Vancouver,Canada,38.0,F,andersonhenry@example.org,A
2333,Amanda Taylor,dorothy87@example.org,2019-11-10,Manchester,UK,48.0,F,dorothy87@example.org,C
2334,Marcus Blair,carterjames@example.com,2023-01-16,Sydney,Australia,17.0,F,carterjames@example.com,Standard
2335,Joshua Guerrero,qcurtis@example.com,2020-08-12,Munich,Germany,26.0,F,qcurtis@example.com,C
2336,Ashley Duran,gregory14@example.org,2019-05-14,Sydney,Australia,49.0,F,gregory14@example.org,Standard
2337,Melanie Garrett,sandraheath@example.net,2020-10-20,Bangkok,Thailand,18.0,F,sandraheath@example.net,Standard
2338,Vicki Hernandez,nicholas09@example.org,2019-01-08,Manchester,UK,19.0,F,nicholas09@example.org,C
2339,Holly Ponce,efranco@example.net,2023-04-10,Toronto,Canada,18.0,M,efranco@example.net,Standard
2340,April Galvan,david97@example.org,2021-09-02,Bangkok,Thailand,57.0,F,david97@example.org,Standard
2341,Crystal Chavez,joshuacoleman@example.com,2023-03-13,Bangkok,Thailand,59.0,,joshuacoleman@example.com,Standard
2342,Kimberly Hughes,jasonjohnson@example.org,2021-07-20,Sydney,Australia,74.0,M,jasonjohnson@example.org,Standard
2343,Paula Johnson,bconrad@example.org,2019-10-23,Toronto,Canada,56.0,F,bconrad@example.org,A
2344,Christopher Hall,kramirez@example.net,2023-12-12,Vancouver,Canada,39.0,F,kramirez@example.net,Standard
2345,Jessica Griffith,reynoldsmichelle@example.org,2021-07-30,New York,USA,61.0,,reynoldsmichelle@example.org,Standard
2346,Carlos Heath,petersonjose@example.org,2023-09-17,Chicago,USA,38.0,M,petersonjose@example.org,Standard
2347,Melinda May,jacquelinedelacruz@example.org,2023-02-11,Berlin,Germany,44.0,F,jacquelinedelacruz@example.org,Standard
2348,Caleb Jensen,kfrye@example.net,2021-03-27,Sydney,Australia,62.0,M,kfrye@example.net,Standard
2349,Jay Buchanan,woodbrittany@example.com,2020-02-03,Paris,France,39.0,M,woodbrittany@example.com,Standard
2350,Jeffery Thompson,johnskinner@example.org,2021-02-06,Manchester,UK,35.0,F,johnskinner@example.org,Standard
2351,Danielle Hamilton,williamsbrian@example.org,2021-07-15,Sydney,Australia,73.0,M,williamsbrian@example.org,Standard
2352,Kayla Williams,shafferjill@example.com,2020-02-13,New York,USA,37.0,F,shafferjill@example.com,B
2353,Ashlee Ross,burnsrodney@example.org,2021-06-03,Munich,Germany,,M,burnsrodney@example.org,VIP
2354,Kelly Burnett,seth29@example.org,2020-07-13,Chicago,USA,65.0,M,seth29@example.org,Standard
2355,Ashley Cooper,fordjames@example.org,2019-11-05,Toronto,Canada,36.0,F,fordjames@example.org,B
2356,Brian Brown,martinnovak@example.com,2021-09-23,Bangkok,Thailand,55.0,M,martinnovak@example.com,Standard
2357,Joseph Hill,james62@example.org,2019-03-14,,Thailand,66.0,Other,james62@example.org,Standard
2358,Allison Cunningham,michaelvillarreal@example.net,2019-04-19,Mumbai,India,70.0,F,michaelvillarreal@example.net,Standard
2359,Jeffery Jordan,tyler31@example.net,2019-11-05,Melbourne,Australia,35.0,M,tyler31@example.net,VIP
2360,Cristian Lambert,catherinemoore@example.com,2024-01-27,Paris,France,46.0,F,catherinemoore@example.com,Standard
2361,Sara Preston,fmorrow@example.com,2022-02-24,Singapore,Singapore,73.0,F,fmorrow@example.com,Standard
2362,Kelly Rivas,dsmith@example.com,2022-06-20,Bangkok,Thailand,26.0,M,dsmith@example.com,B
2363,Jeffery Collins,courtney01@example.org,2022-11-14,Vancouver,Canada,23.0,F,courtney01@example.org,VIP
2364,Kevin Estrada,sloanbenjamin@example.net,2019-03-22,Singapore,Singapore,72.0,F,sloanbenjamin@example.net,B
2365,Lauren Stephens,hooveranna@example.net,2022-04-15,New York,USA,75.0,F,hooveranna@example.net,Standard
2366,Lynn Adams,edwardselizabeth@example.net,2024-06-10,New York,USA,58.0,,edwardselizabeth@example.net,A
2367,Richard Williams,mortonkenneth@example.net,2021-01-27,Bangkok,Thailand,27.0,F,mortonkenneth@example.net,Standard
2368,Tanya Foster,pfowler@example.org,2019-08-16,Chicago,USA,56.0,Other,pfowler@example.org,C
2369,Kevin Jennings,jreyes@example.net,2020-12-27,Los Angeles,USA,67.0,M,jreyes@example.net,B
2370,Jason Reyes,hernandeztodd@example.org,2021-01-17,Chicago,USA,28.0,M,hernandeztodd@example.org,Standard
2371,Mr. David Rivas,samuel38@example.net,2021-09-29,New York,USA,73.0,M,samuel38@example.net,B
2372,Donna Carroll,forbessean@example.org,2021-07-08,Vancouver,Canada,,M,forbessean@example.org,Standard
2373,Rodney Baker,qcharles@example.org,2022-09-12,Berlin,Germany,37.0,,qcharles@example.org,A
2374,John Robertson,danieljenkins@example.org,2019-01-22,Paris,France,17.0,M,danieljenkins@example.org,Standard
2375,Mary Mccoy,cody81@example.org,2019-03-15,Manchester,UK,60.0,M,cody81@example.org,Standard
2376,Michael Gilbert,hlester@example.org,2021-05-19,Singapore,Singapore,61.0,M,hlester@example.org,Standard
2377,Tonya Simon,sarah80@example.org,2020-01-31,Munich,Germany,34.0,M,sarah80@example.org,Standard
2378,Tanya Shannon,amanda21@example.com,2023-07-08,Los Angeles,USA,71.0,M,amanda21@example.com,A
2379,Sophia Boyd,ashleyalexander@example.net,2023-04-10,Singapore,Singapore,31.0,F,ashleyalexander@example.net,Standard
2380,Timothy Ryan,cainjordan@example.org,2020-04-30,Singapore,Singapore,71.0,M,cainjordan@example.org,C
2381,Francisco Estrada,meganjames@example.org,2023-11-18,London,UK,20.0,M,meganjames@example.org,C
2382,Jamie Duran,villawilliam@example.com,2022-07-16,Berlin,Germany,66.0,F,villawilliam@example.com,B
2383,Leslie Moody,gcastro@example.org,2020-02-13,Chicago,USA,27.0,F,gcastro@example.org,A
2384,Paul Lane,dbeck@example.com,2022-11-05,Singapore,Singapore,,F,dbeck@example.com,A
2385,Henry Reeves,rebecca19@example.com,2020-01-30,Munich,Germany,68.0,M,rebecca19@example.com,Standard
2386,Jeffery Snyder,gregorymitchell@example.net,2021-08-18,Chicago,USA,62.0,F,gregorymitchell@example.net,A
2386,Jeffery Snyder,gregorymitchell@example.net,2021-08-18,Chicago,USA,62.0,F,gregorymitchell@example.net,B
2387,Courtney Sharp,daniel79@example.net,2021-11-05,Chicago,USA,21.0,F,daniel79@example.net,A
2388,Jennifer Carter,dyersara@example.net,2022-03-24,Munich,Germany,60.0,F,dyersara@example.net,Standard
2389,Sandy Bennett,jenniferwalls@example.com,2020-10-20,Mumbai,India,26.0,F,jenniferwalls@example.com,B
2390,Jesse Edwards,wallaceeric@example.com,2021-11-03,Manchester,UK,34.0,F,wallaceeric@example.com,C
2390,Jesse Edwards,wallaceeric@example.com,2021-11-03,Manchester,UK,34.0,F,wallaceeric@example.com,A
2391,Charles Zavala,bethany36@example.com,2021-12-22,Toronto,Canada,57.0,F,bethany36@example.com,Standard
2392,Beth Shaw,josephross@example.net,2019-05-13,Chicago,USA,20.0,F,josephross@example.net,C
2392,Beth Shaw,josephross@example.net,2019-05-13,Chicago,USA,20.0,F,josephross@example.net,A
2393,Lisa Beard,tracifoster@example.org,2023-08-02,Singapore,Singapore,21.0,F,tracifoster@example.org,A
2394,Nicole Wallace DDS,ejohnson@example.org,2022-10-13,Melbourne,Australia,36.0,F,ejohnson@example.org,Standard
2395,Daniel Gallegos,michaelcampos@example.net,2022-05-25,Sydney,Australia,52.0,F,michaelcampos@example.net,Standard
2396,Carla Hoover,jenniferrodriguez@example.org,2023-07-19,Melbourne,Australia,39.0,F,jenniferrodriguez@example.org,B
2397,Jason Smith,tinawilliams@example.com,2020-01-25,Melbourne,Australia,53.0,F,tinawilliams@example.com,Standard
2398,Jorge Morales,kentmichael@example.com,2021-08-03,Bangkok,Thailand,75.0,F,kentmichael@example.com,C
2399,Kathleen Baker,pattersondebra@example.org,2024-01-16,Mumbai,India,44.0,F,pattersondebra@example.org,Standard
2400,Denise French,emorales@example.com,2023-11-24,New York,USA,66.0,M,emorales@example.com,Standard
2401,Kari Buck,bartondavid@example.com,2021-01-18,Manchester,UK,43.0,F,bartondavid@example.com,Standard
2402,Laura Payne,paynestephanie@example.net,2024-04-21,Paris,France,29.0,F,paynestephanie@example.net,Standard
2403,James Whitaker,collinmiller@example.com,2020-02-10,London,UK,47.0,,collinmiller@example.com,Standard
2404,Ryan Garcia,marydean@example.com,2020-07-22,Munich,Germany,28.0,F,marydean@example.com,VIP
2405,Theresa Gardner,hollyperkins@example.net,2019-11-24,Mumbai,India,,F,hollyperkins@example.net,Standard
2406,Jessica Conrad,sbradley@example.org,2022-12-16,London,UK,54.0,Other,sbradley@example.org,B
2407,Kevin Werner,rodriguezchristina@example.net,2020-03-19,Singapore,Singapore,,F,rodriguezchristina@example.net,C
2408,Catherine Kirk,pvang@example.net,2020-09-28,Sydney,Australia,43.0,M,pvang@example.net,A
2409,Stacy Williams,joneschristian@example.net,2023-01-24,London,UK,67.0,M,joneschristian@example.net,A
2410,Crystal Carlson,uclark@example.org,2019-05-10,Berlin,Germany,44.0,Other,uclark@example.org,VIP
2411,Michael Martinez,mark90@example.com,2020-04-23,Melbourne,Australia,56.0,M,mark90@example.com,Standard
2412,Mr. Kristopher Curtis,lindsay48@example.net,2020-11-28,Munich,Germany,66.0,F,lindsay48@example.net,Standard
2413,Anthony Knapp,rfleming@example.net,2023-05-20,London,UK,52.0,M,rfleming@example.net,VIP
2414,Lisa Reynolds,ywilliams@example.com,2023-07-24,Toronto,Canada,47.0,F,ywilliams@example.com,A
2415,Adrian Gibbs,leroy57@example.com,2019-07-15,Bangkok,Thailand,64.0,M,leroy57@example.com,VIP
2416,Steven Duncan,kayla33@example.net,2022-05-19,Berlin,Germany,20.0,M,kayla33@example.net,Standard
2417,Alyssa Anderson,jonathan66@example.org,2022-12-28,Vancouver,Canada,39.0,F,jonathan66@example.org,Standard
2418,Cathy Barnes,brian65@example.net,2019-01-07,Sydney,Australia,38.0,F,brian65@example.net,Standard
2419,Crystal Brown,lmartin@example.org,2024-05-13,Vancouver,Canada,47.0,M,lmartin@example.org,Standard
2420,Edward Richmond,epatterson@example.net,2023-07-19,Mumbai,India,28.0,F,epatterson@example.net,Standard
2421,Emily Taylor,christina60@example.org,2019-05-05,Melbourne,Australia,49.0,M,christina60@example.org,Standard
2422,Douglas Lucero,watsonteresa@example.net,2022-12-05,Manchester,UK,35.0,F,watsonteresa@example.net,B
2423,Danielle Robles,aholder@example.net,2022-08-11,Sydney,Australia,21.0,,aholder@example.net,Standard
2424,John Black,folson@example.net,2022-07-05,Berlin,Germany,51.0,F,folson@example.net,Standard
2425,Shannon Thompson,scott04@example.com,2020-07-14,Bangkok,Thailand,33.0,F,scott04@example.com,VIP
2426,Nathan Sparks,daniellecoleman@example.org,2019-09-21,Paris,France,17.0,M,daniellecoleman@example.org,A
2427,Tamara Brown,jeremy75@example.org,2019-10-18,London,UK,69.0,M,jeremy75@example.org,Standard
2428,Michael Blair,murraymichael@example.net,2020-10-25,Sydney,Australia,27.0,F,murraymichael@example.net,Standard
2429,William Gould,kylemartinez@example.net,2020-10-25,Vancouver,Canada,64.0,F,kylemartinez@example.net,VIP
2430,Crystal Nguyen,michael40@example.org,2023-01-01,Melbourne,Australia,47.0,F,michael40@example.org,Standard
2431,Jessica Torres,justin75@example.net,2019-12-01,Munich,Germany,21.0,F,justin75@example.net,VIP
2432,Craig Beard,taylorjames@example.net,2020-12-04,Manchester,UK,47.0,F,taylorjames@example.net,Standard
2433,Mrs. Kimberly Cannon,nfleming@example.net,2021-03-21,Singapore,Singapore,51.0,F,nfleming@example.net,A
2434,Angela Gonzales,pduran@example.net,2023-04-12,Los Angeles,USA,30.0,M,pduran@example.net,C
2435,Martin Newton,ecohen@example.com,2022-08-09,New York,USA,,F,ecohen@example.com,B
2436,Adam Daniels,lawsonpaul@example.org,2024-05-08,Chicago,USA,48.0,M,lawsonpaul@example.org,Standard
2437,Dawn Espinoza,arthurlynch@example.org,2019-02-09,,UK,64.0,M,arthurlynch@example.org,Standard
2438,Joshua Gallegos,claudia35@example.org,2022-01-31,Manchester,UK,18.0,F,claudia35@example.org,C
2439,Alexandra Hodge,robertsonjennifer@example.com,2019-01-15,Berlin,Germany,60.0,M,robertsonjennifer@example.com,VIP
2440,Jonathan Palmer,kirbymichael@example.org,2019-12-03,,India,29.0,M,kirbymichael@example.org,Standard
2441,David Santiago,jose60@example.net,2020-07-30,Paris,France,51.0,M,jose60@example.net,Standard
2442,Joseph Ward,alvarezchristine@example.com,2022-05-29,Singapore,Singapore,37.0,F,alvarezchristine@example.com,Standard
2443,Kristen Smith,john91@example.org,2020-08-07,Sydney,Australia,17.0,M,john91@example.org,A
2444,Toni Hunt,morgan69@example.net,2021-04-10,Singapore,Singapore,27.0,F,morgan69@example.net,A
2445,Virginia Rose,nicoleduran@example.net,2023-11-26,Bangkok,Thailand,28.0,F,nicoleduran@example.net,Standard
2446,Willie Edwards,marygarcia@example.com,2022-10-12,Melbourne,Australia,72.0,M,marygarcia@example.com,C
2447,Dawn Hall,hensleyvalerie@example.net,2022-07-06,Sydney,Australia,52.0,F,hensleyvalerie@example.net,A
2448,Jane King,david38@example.net,2020-09-26,New York,USA,29.0,F,david38@example.net,B
2449,Jerry Boyd,ashleygarcia@example.org,2021-03-06,Melbourne,Australia,45.0,F,ashleygarcia@example.org,VIP
2450,Miss Kathryn Myers,sherryknight@example.org,2021-09-10,Berlin,Germany,54.0,M,sherryknight@example.org,A
2451,Kayla Williams,garymartinez@example.org,2019-06-09,Toronto,Canada,22.0,M,garymartinez@example.org,Standard
2452,David Small,brownalexa@example.com,2019-01-23,Mumbai,India,,M,brownalexa@example.com,C
2453,Brian Kent,hespinoza@example.org,2019-07-19,Chicago,USA,39.0,F,hespinoza@example.org,Standard
2454,Sabrina Lopez,srobles@example.org,2021-02-02,,Thailand,33.0,M,srobles@example.org,B
2455,Cynthia Tran,debra19@example.net,2019-09-03,Bangkok,Thailand,25.0,M,debra19@example.net,Standard
2456,Rachel Hill,jamesparker@example.net,2024-02-17,Singapore,Singapore,23.0,M,jamesparker@example.net,C
2457,Michael Davis,gonzalezkendra@example.org,2023-12-08,New York,USA,,F,gonzalezkendra@example.org,Standard
2458,Paul Moon,woodlisa@example.com,2023-12-21,Mumbai,India,60.0,M,woodlisa@example.com,Standard
2459,Leah Kim,riverarebecca@example.org,2019-05-10,Berlin,Germany,29.0,F,riverarebecca@example.org,Standard
2460,William Barnett,eadams@example.org,2021-06-04,,Germany,42.0,M,eadams@example.org,Standard
2461,Jenna Watson,fletcherjanet@example.org,2019-05-10,Sydney,Australia,61.0,M,fletcherjanet@example.org,VIP
2462,Mrs. Jillian Nguyen,lmendez@example.com,2022-10-06,New York,USA,71.0,M,lmendez@example.com,Standard
2463,Julie Mills,richardsonanna@example.org,2019-04-01,Sydney,Australia,69.0,M,richardsonanna@example.org,Standard
2464,Joshua Phillips,nicholasswanson@example.net,2020-04-19,Singapore,Singapore,34.0,F,nicholasswanson@example.net,Standard
2465,Caitlin Lawson,riceamber@example.net,2022-01-20,Berlin,Germany,39.0,M,riceamber@example.net,Standard
2466,Stephanie Knight,rrice@example.net,2020-10-18,Chicago,USA,38.0,F,rrice@example.net,Standard
2467,Rachael Jones,watsonbrittany@example.org,2023-04-21,London,UK,25.0,M,watsonbrittany@example.org,VIP
2468,Ryan Hudson,andrewmiller@example.com,2021-04-15,Munich,Germany,43.0,F,andrewmiller@example.com,Standard
2469,Pamela Howard,omarturner@example.org,2021-01-04,Bangkok,Thailand,45.0,M,omarturner@example.org,Standard
2470,Abigail Acevedo,sarah17@example.com,2019-03-29,Bangkok,Thailand,48.0,F,sarah17@example.com,Standard
2471,Ernest Bernard,lambertdevin@example.com,2022-01-11,London,UK,69.0,M,lambertdevin@example.com,A
2472,Cody Jones,juanfranklin@example.net,2023-06-11,Mumbai,India,68.0,F,juanfranklin@example.net,B
2473,Chad Adams,donaldhahn@example.com,2021-10-23,Los Angeles,USA,18.0,F,donaldhahn@example.com,Standard
2474,Angela Brown,jennifer54@example.org,2022-09-23,Munich,Germany,63.0,F,jennifer54@example.org,Standard
2475,Juan Becker,todd05@example.com,2020-10-28,Los Angeles,USA,51.0,M,todd05@example.com,Standard
2476,Beth Kirk,davidkane@example.com,2022-03-27,Toronto,Canada,63.0,F,davidkane@example.com,B
2477,Michelle Smith,brownreginald@example.net,2022-08-11,Sydney,Australia,25.0,F,brownreginald@example.net,C
2478,Jennifer Sampson,gbraun@example.org,2024-01-04,New York,USA,67.0,F,gbraun@example.org,B
2479,Lisa Clay,adam17@example.net,2020-05-10,Vancouver,Canada,35.0,F,adam17@example.net,Standard
2480,Susan Black,haleylove@example.org,2020-01-27,Mumbai,India,,F,haleylove@example.org,C
2481,Xavier Jones,adam10@example.com,2022-10-25,Singapore,Singapore,20.0,F,adam10@example.com,Standard
2482,Margaret Mullins,davisautumn@example.org,2022-09-16,London,UK,16.0,F,davisautumn@example.org,Standard
2483,Sarah Blackwell,zavaladiane@example.com,2020-09-14,Toronto,Canada,55.0,M,zavaladiane@example.com,Standard
2484,Brad Beard,jeremy70@example.net,2022-10-22,New York,USA,18.0,F,jeremy70@example.net,Standard
2485,Andrew Ford,rwheeler@example.org,2023-10-30,Berlin,Germany,64.0,M,rwheeler@example.org,A
2486,John Escobar,wileyaudrey@example.com,2023-12-09,,France,59.0,F,wileyaudrey@example.com,Standard
2487,Erin Carter,laurenboyd@example.com,2023-04-04,Berlin,Germany,46.0,F,laurenboyd@example.com,C
2488,Laura Grimes,mcooper@example.com,2023-01-05,Mumbai,India,75.0,F,mcooper@example.com,Standard
2489,John Wilson,chunglaura@example.net,2021-08-19,Paris,France,36.0,M,chunglaura@example.net,C
2490,Vanessa Harris,lisa13@example.net,2022-06-10,Toronto,Canada,,M,lisa13@example.net,Standard
2491,Amanda Cook,michaelhoffman@example.net,2019-02-27,Singapore,Singapore,44.0,F,michaelhoffman@example.net,Standard
2492,Michael Jones,jason57@example.com,2021-03-05,Paris,France,57.0,F,jason57@example.com,Standard
2493,Sierra Allen,robertbrown@example.com,2021-10-02,Munich,Germany,73.0,F,robertbrown@example.com,Standard
2494,Jessica Mcgee,jlee@example.org,2020-11-09,Paris,France,23.0,F,jlee@example.org,Standard
2495,Whitney Macdonald DVM,amyponce@example.com,2021-09-22,Berlin,Germany,16.0,M,amyponce@example.com,Standard
2496,Janet Jarvis,richard28@example.org,2023-05-02,Chicago,USA,18.0,M,richard28@example.org,C
2497,Anthony Velasquez,janet65@example.com,2023-09-28,Paris,France,30.0,Other,janet65@example.com,Standard
2498,Heather Diaz,kmoore@example.org,2019-07-27,Los Angeles,USA,24.0,M,kmoore@example.org,A
2499,Alexandra Johnson,rachel51@example.org,2021-06-16,New York,USA,39.0,M,rachel51@example.org,VIP
2500,Michael Cross DDS,prestoncory@example.org,2022-11-21,Bangkok,Thailand,56.0,F,prestoncory@example.org,Standard
